,index,year,country,artist,song,language,final-rank,points
291,291.0,1975, Netherlands,TeachIn,DingaDong,English,,
292,292.0,1975, Ireland,The Swarbriggs,Thats What Friends Are For,English,,
293,293.0,1975, France,Nicole Rieu,Et bonjour a toi lartiste,French,,
294,294.0,1975, Germany,Joy Fleming,Ein Lied kann eine Brucke sein,GermanEnglish,,
295,295.0,1975, Luxembourg,Geraldine,Toi,French,,
296,296.0,1975, Norway,Ellen Nikolaysen,Touch My Life With Summer,English,,
297,297.0,1975,  Switzerland,Simone Drexel,Mikado,German,,
298,298.0,1975, Yugoslavia,Pepel in kri,Dan ljubezni,Slovene,,
299,299.0,1975, United Kingdom,The Shadows,Let Me Be the One,English,,
300,300.0,1975, Malta,Renato,Singing This Song,English,,
301,301.0,1975, Belgium,Ann Christy,Gelukkig zijn,DutchEnglish,,
302,302.0,1975, Israel,Shlomo Artzi,At veani At vAny,Hebrew,,
303,303.0,1975, Turkey,Semiha Yanki,Seninle bir dakika,Turkish,,
304,304.0,1975, Monaco,Sophie,Une chanson cest une lettre,French,,
305,305.0,1975, Finland,Pihasoittajat,Old Man Fiddle,English,,
306,306.0,1975, Portugal,Duarte Mendes,Madrugada,Portuguese,,
307,307.0,1975, Spain,Sergio  Estibaliz,Tu volveras,Spanish,,
308,308.0,1975, Sweden,Lasse Berghagen feat The Dolls ,Jennie Jennie,English,,
309,309.0,1975, Italy,Wess  Dori Ghezzi,Era,Italian,,
310,310.0,1976, United Kingdom,Brotherhood of Man,Save Your Kisses for Me,English,,
311,311.0,1976,  Switzerland,Peter Sue  Marc ,Djambo Djambo,English,,
312,312.0,1976, Germany,Les Humphries Singers,Sing Sang Song,German,,
313,313.0,1976, Israel,Chocolate Menta Mastik,Emor shalom Amvr SHlvm,Hebrew,,
314,314.0,1976, Luxembourg,Jurgen Marcus,Chansons pour ceux qui saiment,French,,
315,315.0,1976, Belgium,Pierre Rapsat,Judy et Cie,French,,
316,316.0,1976, Ireland,Red Hurley,When,English,,
317,317.0,1976, Netherlands,Sandra Reemer ,The Partys Over,English,,
318,318.0,1976, Norway,AnneKarine Strom ,Mata Hari,English,,
319,319.0,1976, Greece,Mariza Koch,Panagia mou Panagia mou Panagia mou Panagia mou,Greek,,
320,320.0,1976, Finland,Fredi   Ystavat,PumpPump,English,,
321,321.0,1976, Spain,Braulio,Sobran las palabras,Spanish,,
322,322.0,1976, Italy,Al Bano  Romina Power,Well Live It All Again Io rivivrei,EnglishItalian,,
323,323.0,1976, Austria,Waterloo  Robinson,My Little World,English,,
324,324.0,1976, Portugal,Carlos do Carmo,Uma flor de verde pinho,Portuguese,,
325,325.0,1976, Monaco,Mary Christy,Toi la musique et moi,French,,
326,326.0,1976, France,Catherine Ferry,Un deux trois,French,,
327,327.0,1976, Yugoslavia,Ambasadori,Ne mogu skriti svoju bol,Bosnian,,
328,328.0,1977, Ireland,The Swarbriggs  Plus Two,Its Nice to Be in Love Again,English,,
329,329.0,1977, Monaco,Michele Torr ,Une petite francaise,French,,
330,330.0,1977, Netherlands,Heddy Lester,De mallemolen,Dutch,,
331,331.0,1977, Austria,Schmetterlinge,Boom Boom Boomerang,German English,,
332,332.0,1977, Norway,Anita Skorgan,Casanova,Norwegian,,
333,333.0,1977, Germany,Silver Convention,Telegram,English,,
334,334.0,1977, Luxembourg,AnneMarie B,Frere Jacques,French,,
335,335.0,1977, Portugal,Os Amigos,Portugal no coracao,Portuguese,,
336,336.0,1977, United Kingdom,Lynsey de Paul  Mike Moran,Rock Bottom,English,,
337,337.0,1977, Greece,Pascalis Marianna Robert  Bessy,Mathima solfege Mathema solphez,Greek,,
338,338.0,1977, Israel,Ilanit ,Ahava hi shir lishnayim Ahbh hyA SHyr lSHnyym,Hebrew,,
339,339.0,1977,  Switzerland,Pepe Lienhard Band,Swiss Lady,German,,
340,340.0,1977, Sweden,Forbes,Beatles,Swedish,,
341,341.0,1977, Spain,Micky,Ensename a cantar,Spanish,,
342,342.0,1977, Italy,Mia Martini,Libera,Italian,,
343,343.0,1977, Finland,Monica Aspelund,Lapponia,Finnish,,
344,344.0,1977, Belgium,Dream Express Hearts of Soul ,A Million in One Two Three,English,,
345,345.0,1977, France,Marie Myriam,Loiseau et lenfant,French,,
346,346.0,1978, Ireland,Colm C T Wilkinson,Born to Sing,English,,
347,347.0,1978, Norway,Jahn Teigen,Mil etter mil,Norwegian,,
348,348.0,1978, Italy,Ricchi e Poveri,Questo amore,Italian,,
349,349.0,1978, Finland,Seija Simola,Anna rakkaudelle tilaisuus,Finnish,,
350,350.0,1978, Portugal,Gemini,Dai li dou,Portuguese,,
351,351.0,1978, France,Joel Prevost,Il y aura toujours des violons,French,,
352,352.0,1978, Spain,Jose Velez,Bailemos un vals,Spanish French,,
353,353.0,1978, United Kingdom,CoCo,The Bad Old Days,English,,
354,354.0,1978,  Switzerland,Carole Vinci,Vivre,French,,
355,355.0,1978, Belgium,Jean Vallee ,Lamour ca fait chanter la vie,French,,
356,356.0,1978, Netherlands,Harmony,t Is OK,Dutch,,
357,357.0,1978, Turkey,Nilufer  Nazar,Sevince,Turkish,,
358,358.0,1978, Germany,Ireen Sheer ,Feuer,German,,
359,359.0,1978, Monaco,Caline  Olivier Toussaint,Les jardins de Monaco,French,,
360,360.0,1978, Greece,Tania Tsanaklidou,Charlie Chaplin Tsarlu Tsaplin,Greek,,
361,361.0,1978, Denmark,Mabel,Boom boom,Danish,,
362,362.0,1978, Luxembourg,Baccara,Parlezvous francais,French,,
363,363.0,1978, Israel,Izhar Cohen  Alphabeta,Abanibi Abnyby,Hebrew,,
364,364.0,1978, Austria,Springtime,Mrs Caroline Robinson,German,,
365,365.0,1978, Sweden,Bjorn Skifs,Det blir alltid varre framat natten,Swedish,,
366,366.0,1979, Portugal,Manuela Bravo,Sobe sobe balao sobe,Portuguese,,
367,367.0,1979, Italy,Matia Bazar,Raggio di luna,Italian,,
368,368.0,1979, Denmark,Tommy Seebach,Disco tango,Danish,,
369,369.0,1979, Ireland,Cathal Dunne,Happy Man,English,,
370,370.0,1979, Finland,Katri Helena,Katson sineen taivaan,Finnish,,
371,371.0,1979, Monaco,Laurent Vaguener,Notre vie cest la musique,French,,
372,372.0,1979, Greece,Elpida,Sokrati Sokrate,Greek,,
373,373.0,1979,  Switzerland,Peter Sue  Marc   Pfuri Gorps  Kniri,Trodler und Co,German,,
374,374.0,1979, Germany,Dschinghis Khan,Dschinghis Khan,German,,
375,375.0,1979, Israel,Milk and Honey,Hallelujah hllvyh,Hebrew,,
376,376.0,1979, France,AnneMarie David ,Je suis lenfant soleil,French,,
377,377.0,1979, Belgium,Micha Marah,Hey nana,Dutch,,
378,378.0,1979, Luxembourg,Jeane Manson,Jai deja vu ca dans tes yeux,French,,
379,379.0,1979, Netherlands,Xandra Sandra Reemer ,Colorado,Dutch,,
380,380.0,1979, Sweden,Ted Gardestad,Satellit,Swedish,,
381,381.0,1979, Norway,Anita Skorgan ,Oliver,Norwegian,,
382,382.0,1979, United Kingdom,Black Lace,Mary Ann,English,,
383,383.0,1979, Austria,Christina Simon,Heute in Jerusalem,German,,
384,384.0,1979, Spain,Betty Missiego,Su cancion,Spanish,,
385,385.0,1980, Austria,Blue Danube,Du bist Musik,German,,
386,386.0,1980, Turkey,Ajda Pekkan,Petr Oil,Turkish,,
387,387.0,1980, Greece,Anna Vissi  Epikouri,Autostop Otostop,Greek,,
388,388.0,1980, Luxembourg,Sophie  Magaly,Papa pingouin,French,,
389,389.0,1980, Morocco,Samira Said,Bitaqat hub bTq Hb,Arabic,,
390,390.0,1980, Italy,Alan Sorrenti,Non so che darei,Italian,,
391,391.0,1980, Denmark,Bamses Venner,Taenker altid pa dig,Danish,,
392,392.0,1980, Sweden,Tomas Ledin,Just nu,Swedish,,
393,393.0,1980,  Switzerland,Paola del Medico ,Cinema,French,,
394,394.0,1980, Finland,VesaMatti Loiri,Huilumies,Finnish,,
395,395.0,1980, Norway,Sverre Kjelsberg  Mattis Haetta,Samiid aednan,Norwegian,,
396,396.0,1980, Germany,Katja Ebstein ,Theater,German,,
397,397.0,1980, United Kingdom,Prima Donna,Love Enough for Two,English,,
398,398.0,1980, Portugal,Jose Cid,Um grande grande amor,Portuguese,,
399,399.0,1980, Netherlands,Maggie MacNeal ,Amsterdam,Dutch,,
400,400.0,1980, France,Profil,He he msieurs dames,French,,
401,401.0,1980, Ireland,Johnny Logan,Whats Another Year,English,,
402,402.0,1980, Spain,Trigo Limpio,Quedate esta noche,Spanish,,
403,403.0,1980, Belgium,Telex,EuroVision,French,,
404,404.0,1981, Austria,Marty Brem,Wenn du da bist,German,,
405,405.0,1981, Turkey,Modern Folk Uclusu  Aysegul,Donme dolap,Turkish,,
406,406.0,1981, Germany,Lena Valaitis,Johnny Blue,German,,
407,407.0,1981, Luxembourg,JeanClaude Pascal ,Cest peutetre pas lAmerique,French,,
408,408.0,1981, Israel,Hakol Over Habibi,Halayla hlylh,Hebrew,,
409,409.0,1981, Denmark,Tommy Seebach   Debbie Cameron,Kroller eller ej,Danish,,
410,410.0,1981, Yugoslavia,Vajta,Lejla,Bosnian,,
411,411.0,1981, Finland,Riki Sorsa,Reggae OK,Finnish,,
412,412.0,1981, France,Jean Gabilou,Humanahum,French,,
413,413.0,1981, Spain,Bacchelli,Y solo tu,Spanish,,
414,414.0,1981, Netherlands,Linda Williams,Het is een wonder,Dutch,,
415,415.0,1981, Ireland,Sheeba,Horoscopes,English,,
416,416.0,1981, Norway,Finn Kalvik,Aldri i livet,Norwegian,,
417,417.0,1981, United Kingdom,Bucks Fizz,Making Your Mind Up,English,,
418,418.0,1981, Portugal,Carlos Paiao,Playback,Portuguese,,
419,419.0,1981, Belgium,Emly Starr,Samson,Dutch,,
420,420.0,1981, Greece,Yiannis Dimitras,Feggari kalokerino Pheggari kalokairino,Greek,,
421,421.0,1981, Cyprus,Island,Monika Monika,Greek,,
422,422.0,1981,  Switzerland,Peter Sue  Marc ,Io senza te,Italian,,
423,423.0,1981, Sweden,Bjorn Skifs ,Fangad i en drom,Swedish,,
424,424.0,1982, Portugal,Doce,Bem bom,Portuguese,,
425,425.0,1982, Luxembourg,Svetlana,Cours apres le temps,French,,
426,426.0,1982, Norway,Jahn Teigen   Anita Skorgan ,Adieu,Norwegian,,
427,427.0,1982, United Kingdom,Bardo,One Step Further,English,,
428,428.0,1982, Turkey,Neco,Hani,Turkish,,
429,429.0,1982, Finland,Kojo,Nuku pommiin,Finnish,,
430,430.0,1982,  Switzerland,Arlette Zola,Amour on taime,French,,
431,431.0,1982, Cyprus,Anna Vissi ,Mono i agapi Mono e agape,Greek,,
432,432.0,1982, Sweden,Chips,Dag efter dag,Swedish,,
433,433.0,1982, Austria,Mess,Sonntag,German,,
434,434.0,1982, Belgium,Stella,Si tu aimes ma musique,French,,
435,435.0,1982, Spain,Lucia,El,Spanish,,
436,436.0,1982, Denmark,Brixx,Video video,Danish,,
437,437.0,1982, Yugoslavia,Aska,Halo halo Khalo khalo,Serbian,,
438,438.0,1982, Israel,Avi Toledano,Hora hvrh,Hebrew,,
439,439.0,1982, Netherlands,Bill van Dijk,Jij en ik,Dutch,,
440,440.0,1982, Ireland,The Duskeys,Here Today Gone Tomorrow,English,,
441,441.0,1982, Germany,Nicole,Ein bisschen Frieden,German,,
442,442.0,1983, France,Guy Bonnet ,Vivre,French,,
443,443.0,1983, Norway,Jahn Teigen ,Do re mi,Norwegian,,
444,444.0,1983, United Kingdom,Sweet Dreams,Im Never Giving Up,English,,
445,445.0,1983, Sweden,Carola,Framling,Swedish,,
446,446.0,1983, Italy,Riccardo Fogli,Per Lucia,Italian,,
447,447.0,1983, Turkey,Cetin Alp  The Short Waves,Opera,Turkish,,
448,448.0,1983, Spain,Remedios Amaya,Quien maneja mi barca,Spanish,,
449,449.0,1983,  Switzerland,Mariella Farre,Io cosi non ci sto,Italian,,
450,450.0,1983, Finland,Ami Aspelund,Fantasiaa,Finnish,,
451,451.0,1983, Greece,Christie Stassinopoulou,Mou les Mou les,Greek,,
452,452.0,1983, Netherlands,Bernadette,Sing Me a Song,Dutch,,
453,453.0,1983, Yugoslavia,Daniel,Dzuli Dzhuli,Montenegrin,,
454,454.0,1983, Cyprus,Stavros  Constantina,I agapi akoma zi E agape akoma zei,Greek,,
455,455.0,1983, Germany,Hoffmann  Hoffmann,Rucksicht,German,,
456,456.0,1983, Denmark,Gry Johansen,Kloden drejer,Danish,,
457,457.0,1983, Israel,Ofra Haza,Khay KHy,Hebrew,,
458,458.0,1983, Portugal,Armando Gama,Esta balada que te dou,Portuguese,,
459,459.0,1983, Austria,Westend,Hurricane,German,,
460,460.0,1983, Belgium,Pas de Deux,Rendezvous,Dutch,,
461,461.0,1983, Luxembourg,Corinne Hermes,Si la vie est cadeau,French,,
462,462.0,1984, Sweden,Herreys,Diggiloo diggiley,Swedish,,
463,463.0,1984, Luxembourg,Sophie Carle, damour,French,,
464,464.0,1984, France,Annick Thoumazeau,Autant damoureux que detoiles,French,,
465,465.0,1984, Spain,Bravo,Lady Lady,Spanish,,
466,466.0,1984, Norway,Dollie de Luxe,Lenge leve livet,Norwegian,,
467,467.0,1984, United Kingdom,Belle  The Devotions,Love Games,English,,
468,468.0,1984, Cyprus,Andy Paul,Anna Maria Lena Anna Maria Lena,Greek,,
469,469.0,1984, Belgium,Jacques Zegers,Avanti la vie,French,,
470,470.0,1984, Ireland,Linda Martin,Terminal ,English,,
471,471.0,1984, Denmark,Hot Eyes,Det lige det,Danish,,
472,472.0,1984, Netherlands,Maribelle,Ik hou van jou,Dutch,,
473,473.0,1984, Yugoslavia,Izolda  Vlado,Ciao amore,Croatian,,
474,474.0,1984, Austria,Anita,Einfach weg,German,,
475,475.0,1984, Germany,Mary Roos ,Aufrecht gehn,German,,
476,476.0,1984, Turkey,Bes Yil Once On Yil Sonra,Halay,Turkish,,
477,477.0,1984, Finland,Kirka,Hengaillaan,Finnish,,
478,478.0,1984,  Switzerland,Rainy Day,Welche Farbe hat der Sonnenschein,German,,
479,479.0,1984, Italy,Alice  Franco Battiato,I treni di Tozeur,Italian German,,
480,480.0,1984, Portugal,Maria Guinot,Silencio e tanta gente,Portuguese,,
481,481.0,1985, Ireland,Maria Christian,Wait Until the Weekend Comes,English,,
482,482.0,1985, Finland,Sonja Lumme,Elakoon elama,Finnish,,
483,483.0,1985, Cyprus,Lia Vissi,To katalava arga To katalaba arga,Greek,,
484,484.0,1985, Denmark,Hot Eyes ,Sku du sporg fra noen,Danish,,
485,485.0,1985, Spain,Paloma San Basilio,La fiesta termino,Spanish,,
486,486.0,1985, France,Roger Bens,Femme dans ses reves aussi,French,,
487,487.0,1985, Turkey,MFO,Didai didai dai Asik oldum,Turkish,,
488,488.0,1985, Belgium,Linda Lepomme,Laat me nu gaan,Dutch,,
489,489.0,1985, Portugal,Adelaide,Penso em ti eu sei,Portuguese,,
490,490.0,1985, Germany,Wind,Fur alle,German,,
491,491.0,1985, Israel,Izhar Cohen ,Ole ole vlh vlh,Hebrew,,
492,492.0,1985, Italy,Al Bano  Romina Power ,Magic Oh Magic,Italian,,
493,493.0,1985, Norway,Bobbysocks,La det swinge,Norwegian,,
494,494.0,1985, United Kingdom,Vikki,Love Is,English,,
495,495.0,1985,  Switzerland,Mariella Farre   Pino Gasparini,Piano piano,German,,
496,496.0,1985, Sweden,Kikki Danielsson,Bra vibrationer,Swedish,,
497,497.0,1985, Austria,Gary Lux,Kinder dieser Welt,German,,
498,498.0,1985, Luxembourg,Margo Franck Olivier Chris Roberts Malcolm Roberts Ireen Sheer   Diane Solomon,Children Kinder enfants,French,,
499,499.0,1985, Greece,Takis Biniaris,Miazoume Moiazoume,Greek,,
500,500.0,1986, Luxembourg,Sherisse Laurence,Lamour de ma vie,French,,
501,501.0,1986, Yugoslavia,Doris Dragovic,Zeljo moja,Croatian,,
502,502.0,1986, France,Cocktail Chic,Europeennes,French,,
503,503.0,1986, Norway,Ketil Stokkan,Romeo,Norwegian,,
504,504.0,1986, United Kingdom,Ryder,Runner in the Night,English,,
505,505.0,1986, Iceland,ICY,Gledibankinn,Icelandic,,
506,506.0,1986, Netherlands,Frizzle Sizzle,Alles heeft ritme,Dutch,,
507,507.0,1986, Turkey,Klips ve Onlar,Halley,Turkish French,,
508,508.0,1986, Spain,Cadillac,Valentino,Spanish,,
509,509.0,1986,  Switzerland,Daniela Simmons,Pas pour moi,French,,
510,510.0,1986, Israel,Moti Giladi  Sarai Tzuriel,Yavo yom ybvA yvm,Hebrew,,
511,511.0,1986, Ireland,Luv Bug,You Can Count on Me,English,,
512,512.0,1986, Belgium,Sandra Kim,Jaime la vie,French,,
513,513.0,1986, Germany,Ingrid Peters,Uber die Brucke gehn,German,,
514,514.0,1986, Cyprus,Elpida ,Tora zo Tora zo,Greek,,
515,515.0,1986, Austria,Timna Brauer,Die Zeit ist einsam,German,,
516,516.0,1986, Sweden,Lasse Holm  Monica Tornell,E de det har du kallar karlek,Swedish,,
517,517.0,1986, Denmark,Lise Haavik,Du er fuld af logn,Danish,,
518,518.0,1986, Finland,Kari,Never the End Paiva kahden ihmisen,Finnish,,
519,519.0,1986, Portugal,Dora,Nao sejas mau para mim,Portuguese,,
520,520.0,1987, Norway,Kate Gulbrandsen,Mitt liv,Norwegian,,
521,521.0,1987, Israel,Lazy Bums,Shir habatlanim SHyr hbtlnym,Hebrew,,
522,522.0,1987, Austria,Gary Lux ,Nur noch Gefuhl,German,,
523,523.0,1987, Iceland,Halla Margret,Haegt og hljott,Icelandic,,
524,524.0,1987, Belgium,Liliane SaintPierre,Soldiers of Love,Dutch,,
525,525.0,1987, Sweden,Lotta Engberg,Boogaloo,Swedish,,
526,526.0,1987, Italy,Umberto Tozzi  Raf,Gente di mare,Italian,,
527,527.0,1987, Portugal,Nevada,Neste barco a vela,Portuguese,,
528,528.0,1987, Spain,Patricia Kraus,No estas solo,Spanish,,
529,529.0,1987, Turkey,Seyyal Taner  Lokomotif,Sarkim sevgi ustune,Turkish,,
530,530.0,1987, Greece,Bang,Stop Stop,Greek,,
531,531.0,1987, Netherlands,Marcha,Rechtop in de wind,Dutch,,
532,532.0,1987, Luxembourg,Plastic Bertrand,Amour amour,French,,
533,533.0,1987, United Kingdom,Rikki,Only the Light,English,,
534,534.0,1987, France,Christine Minier,Les mots damour nont pas de dimanche,French,,
535,535.0,1987, Germany,Wind ,Lass die Sonne in dein Herz,German,,
536,536.0,1987, Cyprus,Alexia,Aspromavro Aspromauro,Greek,,
537,537.0,1987, Finland,Vicky Rosti feat Boulevard,Sata salamaa,Finnish,,
538,538.0,1987, Denmark,AnneCathrine Herdorf  Bandjo,En lille melodi,Danish,,
539,539.0,1987, Ireland,Johnny Logan ,Hold Me Now,English,,
540,540.0,1987, Yugoslavia,Novi fosili,Ja sam za ples,Croatian,,
541,541.0,1987,  Switzerland,Carol Rich,Moitie moitie,French,,
542,542.0,1988, Iceland,Beathoven,Thu og their Sokrates,Icelandic,,
543,543.0,1988, Sweden,Tommy Korberg ,Stad i ljus,Swedish,,
544,544.0,1988, Finland,Boulevard ,Nauravat silmat muistetaan,Finnish,,
545,545.0,1988, United Kingdom,Scott Fitzgerald,Go,English,,
546,546.0,1988, Turkey,MFO ,Sufi,Turkish English,,
547,547.0,1988, Spain,La Decada,La chica que yo quiero Made in Spain,Spanish English,,
548,548.0,1988, Netherlands,Gerard Joling,ShangriLa,Dutch,,
549,549.0,1988, Israel,Yardena Arazi,Ben adam bn Adm,Hebrew,,
550,550.0,1988,  Switzerland,Celine Dion,Ne partez pas sans moi,French,,
551,551.0,1988, Ireland,Jump the Gun,Take Him Home,English,,
552,552.0,1988, Germany,Maxi  Chris Garden,Lied fur einen Freund,German,,
553,553.0,1988, Austria,Wilfried,Lisa Mona Lisa,German,,
554,554.0,1988, Denmark,Kirsten  Soren Hot Eyes ,Ka du se hva jeg sa,Danish,,
555,555.0,1988, Greece,Afrodite Fryda,Kloun Klooun,Greek,,
556,556.0,1988, Norway,Karoline Kruger,For var jord,Norwegian,,
557,557.0,1988, Belgium,Reynaert,Laissez briller le soleil,French,,
558,558.0,1988, Luxembourg,Lara Fabian,Croire,French,,
559,559.0,1988, Italy,Luca Barbarossa,Vivo Ti scrivo,Italian,,
560,560.0,1988, France,Gerard Lenorman,Chanteur de charme,French,,
561,561.0,1988, Portugal,Dora ,Voltarei,Portuguese,,
562,562.0,1988, Yugoslavia,Srebrna krila,Mangup,Croatian,,
563,563.0,1989, Italy,Anna Oxa  Fausto Leali,Avrei voluto,Italian,,
564,564.0,1989, Israel,Gili  Galit,Derekh hamelekh drk hmlk,Hebrew,,
565,565.0,1989, Ireland,Kiev Connolly  The Missing Passengers,The Real Me,English,,
566,566.0,1989, Netherlands,Justine Pelmelay,Blijf zoals je bent,Dutch,,
567,567.0,1989, Turkey,Pan,Bana bana,Turkish,,
568,568.0,1989, Belgium,Ingeborg,Door de wind,Dutch,,
569,569.0,1989, United Kingdom,Live Report,Why Do I Always Get It Wrong,English,,
570,570.0,1989, Norway,Britt Synnove Johansen,Venners naerhet,Norwegian,,
571,571.0,1989, Portugal,Da Vinci,Conquistador,Portuguese,,
572,572.0,1989, Sweden,Tommy Nilsson,En dag,Swedish,,
573,573.0,1989, Luxembourg,Park Cafe,Monsieur,French,,
574,574.0,1989, Denmark,Birthe Kjaer,Vi maler byen rod,Danish,,
575,575.0,1989, Austria,Thomas Forstner,Nur ein Lied,German,,
576,576.0,1989, Finland,Anneli Saaristo,La dolce vita,Finnish,,
577,577.0,1989, France,Nathalie Paque,Jai vole la vie,French,,
578,578.0,1989, Spain,Nina,Nacida para amar,Spanish,,
579,579.0,1989, Cyprus,Fani Polymeri  Yiannis Savvidakis,Apopse as vrethume Apopse as brethoume,Greek,,
580,580.0,1989,  Switzerland,Furbaz,Viver senza tei,Romansh,,
581,581.0,1989, Greece,Marianna Efstratiou,To diko sou asteri To diko sou asteri,Greek,,
582,582.0,1989, Iceland,Daniel Agust Haraldsson,Thad sem enginn ser,Icelandic,,
583,583.0,1989, Germany,Nino de Angelo,Flieger,German,,
584,584.0,1989, Yugoslavia,Riva,Rock Me,Croatian,,
585,585.0,1990, Spain,Azucar Moreno,Bandido,Spanish English,,
586,586.0,1990, Greece,Christos Callow feat Wave,Horis skopo Khoris skopo,Greek,,
587,587.0,1990, Belgium,Philippe Lafontaine,Macedomienne,French,,
588,588.0,1990, Turkey,Kayahan,Gozlerinin hapsindeyim,Turkish,,
589,589.0,1990, Netherlands,Maywood,Ik wil alles met je delen,Dutch,,
590,590.0,1990, Luxembourg,Celine Carzo,Quand je te reve,French,,
591,591.0,1990, United Kingdom,Emma,Give a Little Love Back to the World,English,,
592,592.0,1990, Iceland,Stjornin,Eitt lag enn,Icelandic,,
593,593.0,1990, Norway,Ketil Stokkan ,Brandenburger Tor,Norwegian,,
594,594.0,1990, Israel,Rita,Shara barkhovot SHrh brKHvbvt,Hebrew,,
595,595.0,1990, Denmark,Lonnie Devantier,Hallo hallo,Danish,,
596,596.0,1990,  Switzerland,Egon Egemann,Musik klingt in die Welt hinaus,German,,
597,597.0,1990, Germany,Chris Kempers  Daniel Kovac,Frei zu leben,German,,
598,598.0,1990, France,Joelle Ursull,White and Black Blues,French,,
599,599.0,1990, Yugoslavia,Tajci,Hajde da ludujemo,Croatian,,
600,600.0,1990, Portugal,Nucha,Ha sempre alguem,Portuguese,,
601,601.0,1990, Ireland,Liam Reilly,Somewhere in Europe,English,,
602,602.0,1990, Sweden,EdinAdahl,Som en vind,Swedish,,
603,603.0,1990, Italy,Toto Cutugno,Insieme ,Italian English,,
604,604.0,1990, Austria,Simone,Keine Mauern mehr,German English,,
605,605.0,1990, Cyprus,Anastazio,Milas poli Milas polu,Greek,,
606,606.0,1990, Finland,Beat,Fri,Swedish,,
607,607.0,1991, Yugoslavia,Baby Doll,Brazil Brazil,Serbian,,
608,608.0,1991, Iceland,Stefan  Eyfi,Draumur um Ninu Nina,Icelandic,,
609,609.0,1991, Malta,Georgina  Paul Giordimaina,Could It Be,English,,
610,610.0,1991, Greece,Sophia Vossou,I anixi E anoixe,Greek,,
611,611.0,1991,  Switzerland,Sandra Simo,Canzone per te,Italian,,
612,612.0,1991, Austria,Thomas Forstner ,Venedig im Regen,German,,
613,613.0,1991, Luxembourg,Sarah Bray,Un baiser vole,French,,
614,614.0,1991, Sweden,Carola ,Fangad av en stormvind,Swedish,,
615,615.0,1991, France,Amina,Cest le dernier qui a parle qui a raison,French,,
616,616.0,1991, Turkey,Can Ugurluer Izel Celikoz  Reyhan Karaca,Iki dakika,Turkish,,
617,617.0,1991, Ireland,Kim Jackson,Could It Be That Im in Love,English,,
618,618.0,1991, Portugal,Dulce Pontes,Lusitana paixao,Portuguese,,
619,619.0,1991, Denmark,Anders Frandsen,Lige der hvor hjertet slar,Danish,,
620,620.0,1991, Norway,Just  Fun,Mrs Thompson,Norwegian,,
621,621.0,1991, Israel,Duo Datz,Kan kAn,Hebrew,,
622,622.0,1991, Finland,Kaija,Hullu yo,Finnish,,
623,623.0,1991, Germany United,Atlantis ,Dieser Traum darf niemals sterben,German,,
624,624.0,1991, Belgium,Clouseau,Geef het op,Dutch,,
625,625.0,1991, Spain,Sergio Dalma,Bailar pegados,Spanish,,
626,626.0,1991, United Kingdom,Samantha Janus,A Message to Your Heart,English,,
627,627.0,1991, Cyprus,Elena Patroklou,SOS,Greek,,
628,628.0,1991, Italy,Peppino di Capri,Comme e ddoce o mare,Neapolitan,,
629,629.0,1992, Spain,Serafin Zubiri,Todo esto es la musica,Spanish,,
630,630.0,1992, Belgium,Morgane,Nous on veut des violons,French,,
631,631.0,1992, Israel,Dafna Dekel,Ze rak sport zh rq spvrt,Hebrew,,
632,632.0,1992, Turkey,Aylin Vatankos,Yaz bitti,Turkish,,
633,633.0,1992, Greece,Cleopatra,Olou tou kosmou i Elpida Olou tou kosmou e Elpida,Greek,,
634,634.0,1992, France,Kali,Monte la rivie,Antillean Creole,,
635,635.0,1992, Sweden,Christer Bjorkman,I morgon ar en annan dag,Swedish,,
636,636.0,1992, Portugal,Dina,Amor dagua fresca,Portuguese,,
637,637.0,1992, Cyprus,Evridiki,Teriazoume Tairiazoume,Greek,,
638,638.0,1992, Malta,Mary Spiteri,Little Child,English,,
639,639.0,1992, Iceland,Heart  Heart,Nei eda ja,Icelandic,,
640,640.0,1992, Finland,Pave,Yamma yamma,Finnish,,
641,641.0,1992,  Switzerland,Daisy Auvray,Mister Music Man,French,,
642,642.0,1992, Luxembourg,Marion Welter  Kontinent,Sou frai,Luxembourgish,,
643,643.0,1992, Austria,Tony Wegas,Zusammen gehn,German Italian,,
644,644.0,1992, United Kingdom,Michael Ball,One Step Out of Time,English,,
645,645.0,1992, Ireland,Linda Martin ,Why Me,English,,
646,646.0,1992, Denmark,Lotte Nilsson  Kenny Lubcke,Alt det som ingen ser,Danish,,
647,647.0,1992, Italy,Mia Martini ,Rapsodia,Italian,,
648,648.0,1992, Yugoslavia Serbia and Montenegro,Extra Nena,Ljubim te pesmama Ljubim te pesmama,Serbian,,
649,649.0,1992, Norway,Merethe Troan,Visjoner,Norwegian,,
650,650.0,1992, Germany,Wind ,Traume sind fur alle da,German,,
651,651.0,1992, Netherlands,Humphrey Campbell,Wijs me de weg,Dutch,,
652,652.0,1993, Italy,Enrico Ruggeri,Sole dEuropa,Italian,,
653,653.0,1993, Turkey,Burak Aydos,Esmer yarim,Turkish,,
654,654.0,1993, Germany,Munchener Freiheit,Viel zu weit,German,,
655,655.0,1993,  Switzerland,Annie Cotton,Moi tout simplement,French,,
656,656.0,1993, Denmark,Tommy Seebach  Band,Under stjernerne pa himlen,Danish,,
657,657.0,1993, Greece,Katerina Garbi,Ellada hora tou fotos Ellada khora tou photos,Greek,,
658,658.0,1993, Belgium,Barbara Dex,Iemand als jij,Dutch,,
659,659.0,1993, Malta,William Mangion,This Time,English,,
660,660.0,1993, Iceland,Inga,Tha veistu svarid,Icelandic,,
661,661.0,1993, Austria,Tony Wegas ,Maria Magdalena,German,,
662,662.0,1993, Portugal,Anabela,A cidade Ate ser dia,Portuguese,,
663,663.0,1993, France,Patrick Fiori,Mama Corsica,French Corsican,,
664,664.0,1993, Sweden,Arvingarna,Eloise,Swedish,,
665,665.0,1993, Ireland,Niamh Kavanagh,In Your Eyes,English,,
666,666.0,1993, Luxembourg,Modern Times,Donnemoi une chance,French,,
667,667.0,1993, Slovenia,X Band,Tih dezeven dan,Slovene,,
668,668.0,1993, Finland,Katri Helena ,Tule luo,Finnish,,
669,669.0,1993, Bosnia and Herzegovina,Fazla,Sva bol svijeta,Bosnian,,
670,670.0,1993, United Kingdom,Sonia,Better the Devil You Know,English,,
671,671.0,1993, Netherlands,Ruth Jacott,Vrede,Dutch,,
672,672.0,1993, Croatia,Put,Dont Ever Cry,Croatian English,,
673,673.0,1993, Spain,Eva Santamaria,Hombres,Spanish,,
674,674.0,1993, Cyprus,Zymboulakis  Van Beke,Mi stamatas Me stamatas,Greek,,
675,675.0,1993, Israel,Lahakat Shiru,Shiru SHyrv,Hebrew English,,
676,676.0,1993, Norway,Silje Vige,Alle mine tankar,Norwegian,,
677,677.0,1994, Sweden,Marie Bergman  Roger Pontare,Stjarnorna,Swedish,,
678,678.0,1994, Finland,CatCat,Bye Bye Baby,Finnish English,,
679,679.0,1994, Ireland,Paul Harrington  Charlie McGettigan,Rock n Roll Kids,English,,
680,680.0,1994, Cyprus,Evridiki ,Ime anthropos ki ego Eimai anthropos ki ego,Greek,,
681,681.0,1994, Iceland,Sigga,Naetur,Icelandic,,
682,682.0,1994, United Kingdom,Frances Ruffelle,We Will Be Free Lonely Symphony,English,,
683,683.0,1994, Croatia,Tony Cetinski,Nek ti bude ljubav sva,Croatian,,
684,684.0,1994, Portugal,Sara Tavares,Chamar a musica,Portuguese,,
685,685.0,1994,  Switzerland,Duilio,Sto pregando,Italian,,
686,686.0,1994, Estonia,Silvi Vrait,Nagu merelaine,Estonian,,
687,687.0,1994, Romania,Dan Bittman,Dincolo de nori,Romanian,,
688,688.0,1994, Malta,Chris  Moira,More Than Love,English,,
689,689.0,1994, Netherlands,Willeke Alberti,Waar is de zon,Dutch,,
690,690.0,1994, Germany,MeKaDo,Wir geben ne Party,German English,,
691,691.0,1994, Slovakia,Martin Durinda  Tublatanka,Nekonecna piesen,Slovak,,
692,692.0,1994, Lithuania,Ovidijus Vysniauskas,Lopsine mylimai,Lithuanian,,
693,693.0,1994, Norway,Elisabeth Andreassen  Jan Werner Danielsen,Duett,Norwegian,,
694,694.0,1994, Bosnia and Herzegovina,Alma  Dejan,Ostani kraj mene,Bosnian,,
695,695.0,1994, Greece,Kostas Bigalis  The Sea Lovers,To trehandiri Diri diri To trekhanteri Ntiri ntiri,Greek,,
696,696.0,1994, Austria,Petra Frey,Fur den Frieden der Welt,German,,
697,697.0,1994, Spain,Alejandro Abad,Ella no es ella,Spanish,,
698,698.0,1994, Hungary,Friderika,Kinek mondjam el vetkeimet,Hungarian,,
699,699.0,1994, Russia,Youddiph,Vechnyy strannik Vechnyi strannik,Russian,,
700,700.0,1994, Poland,Edyta Gorniak,To nie ja,Polish,,
701,701.0,1994, France,Nina Morato,Je suis un vrai garcon,French,,
702,702.0,1995, Poland,Justyna,Sama,Polish,,
703,703.0,1995, Ireland,Eddie Friel,Dreamin,English,,
704,704.0,1995, Germany,Stone  Stone,Verliebt in Dich,German,,
705,705.0,1995, Bosnia and Herzegovina,Davor Popovic,Dvadeset prvi vijek,Bosnian,,
706,706.0,1995, Norway,Secret Garden,Nocturne,Norwegian,,
707,707.0,1995, Russia,Philipp Kirkorov,Kolybelnaya dlya vulkana Kolybelnaia dlia vulkana,Russian,,
708,708.0,1995, Iceland,Bo Halldorsson,Nuna,Icelandic,,
709,709.0,1995, Austria,Stella Jones,Die Welt dreht sich verkehrt,German,,
710,710.0,1995, Spain,Anabel Conde,Vuelve conmigo,Spanish,,
711,711.0,1995, Turkey,Arzu Ece,Sev,Turkish,,
712,712.0,1995, Croatia,Magazin  Lidija,Nostalgija,Croatian,,
713,713.0,1995, France,Nathalie Santamaria,Il me donne rendezvous,French,,
714,714.0,1995, Hungary,Csaba Szigeti,Uj nev a regi haz falan,Hungarian,,
715,715.0,1995, Belgium,Frederic Etherlinck,La voix est libre,French,,
716,716.0,1995, United Kingdom,Love City Groove,Love City Groove,English,,
717,717.0,1995, Portugal,To Cruz,Baunilha e chocolate,Portuguese,,
718,718.0,1995, Cyprus,Alexandros Panayi,Sti fotia Ste photia,Greek,,
719,719.0,1995, Sweden,Jan Johansen,Se pa mig,Swedish,,
720,720.0,1995, Denmark,Aud Wilken,Fra Mols til Skagen,Danish,,
721,721.0,1995, Slovenia,Darja Svajger,Prisluhni mi,Slovene,,
722,722.0,1995, Israel,Liora,Amen Amn,Hebrew,,
723,723.0,1995, Malta,Mike Spiteri,Keep Me in Mind,English,,
724,724.0,1995, Greece,Elina Konstantopoulou,Pia prosefhi Poia proseukhe,Greek,,
725,725.0,1996, Turkey,Sebnem Paker,Besinci mevsim,Turkish,,
726,726.0,1996, United Kingdom,Gina G,Ooh Aah Just a Little Bit,English,,
727,727.0,1996, Spain,Antonio Carbonell,Ay que deseo,Spanish,,
728,728.0,1996, Portugal,Lucia Moniz,O meu coracao nao tem cor,Portuguese,,
729,729.0,1996, Cyprus,Constantinos Christoforou,Mono yia mas Mono gia mas,Greek,,
730,730.0,1996, Malta,Miriam Christine,In a Womans Heart,English,,
731,731.0,1996, Croatia,Maja Blagdan,Sveta ljubav,Croatian,,
732,732.0,1996, Austria,George Nussbaumer,Weils dr guat got,Vorarlbergish German,,
733,733.0,1996,  Switzerland,Kathy Leander,Mon coeur laime,French,,
734,734.0,1996, Greece,Marianna Efstratiou ,Emis forame to himona anixiatika Emeis phorame to kheimona anoixiatika,Greek,,
735,735.0,1996, Estonia,MaarjaLiis Ilus  Ivo Linna,Kaelakee haal,Estonian,,
736,736.0,1996, Norway,Elisabeth Andreassen ,I evighet,Norwegian,,
737,737.0,1996, France,Dan Ar Braz  LHeritage des Celtes,Diwanit bugale,Breton,,
738,738.0,1996, Slovenia,Regina singer,Dan najlepsih sanj,Slovene,,
739,739.0,1996, Netherlands,Maxine  Franklin Brown,De eerste keer,Dutch,,
740,740.0,1996, Belgium,Lisa del Bo,Liefde is een kaartspel,Dutch,,
741,741.0,1996, Ireland,Eimear Quinn,The Voice,English,,
742,742.0,1996, Finland,Jasmine,Niin kaunis on taivas,Finnish,,
743,743.0,1996, Iceland,Anna Mjoll,Sjubidu,Icelandic,,
744,744.0,1996, Poland,Kasia Kowalska,Chce znac swoj grzech,Polish,,
745,745.0,1996, Bosnia and Herzegovina,Amila Glamocak,Za nasu ljubav,Bosnian,,
746,746.0,1996, Slovakia,Marcel Palonder,Kym nas mas,Slovak,,
747,747.0,1996, Sweden,One More Time,Den vilda,Swedish,,
748,748.0,1997, Cyprus,Hara  Andreas Konstantinou,Mana mou Mana mou,Greek,,
749,749.0,1997, Turkey,Sebnem Paker   Grup Etnic,Dinle,Turkish,,
750,750.0,1997, Norway,Tor Endresen,San Francisco,Norwegian English,,
751,751.0,1997, Austria,Bettina Soriat,One Step,German English,,
752,752.0,1997, Ireland,Marc Roberts,Mysterious Woman,English,,
753,753.0,1997, Slovenia,Tanja Ribic,Zbudi se,Slovene,,
754,754.0,1997,  Switzerland,Barbara Berta,Dentro di me,Italian,,
755,755.0,1997, Netherlands,Mrs Einstein,Niemand heeft nog tijd,Dutch,,
756,756.0,1997, Italy,Jalisse,Fiumi di parole,Italian,,
757,757.0,1997, Spain,Marcos Llunas,Sin rencor,Spanish,,
758,758.0,1997, Germany,Bianca Shomburg,Zeit,German,,
759,759.0,1997, Poland,Anna Maria Jopek,Ale jestem,Polish,,
760,760.0,1997, Estonia,MaarjaLiis Ilus ,Keelatud maa,Estonian,,
761,761.0,1997, Bosnia and Herzegovina,Alma Cardzic ,Goodbye,Bosnian,,
762,762.0,1997, Portugal,Celia Lawson,Antes do adeus,Portuguese,,
763,763.0,1997, Sweden,Blond,Bara hon alskar mig,Swedish,,
764,764.0,1997, Greece,Marianna Zorba,Horepse Khorepse,Greek,,
765,765.0,1997, Malta,Debbie Scerri,Let Me Fly,English,,
766,766.0,1997, Hungary,VIP,Miert kell hogy elmenj,Hungarian,,
767,767.0,1997, Russia,Alla Pugacheva,Primadonna Primadonna,Russian,,
768,768.0,1997, Denmark,Kolig Kaj,Stemmen i mit liv,Danish,,
769,769.0,1997, France,Fanny,Sentiments songes,French,,
770,770.0,1997, Croatia,ENI,Probudi me,Croatian,,
771,771.0,1997, United Kingdom,Katrina  The Waves,Love Shine a Light,English,,
772,772.0,1997, Iceland,Paul Oscar,Minn hinsti dans,Icelandic,,
773,773.0,1998, Croatia,Danijela,Neka mi ne svane,Croatian,,
774,774.0,1998, Greece,Thalassa,Mia krifi evesthisia Mia kruphe euaisthesia,Greek,,
775,775.0,1998, France,Marie Line,Ou aller,French,,
776,776.0,1998, Spain,Mikel Herzog,Que voy a hacer sin ti,Spanish,,
777,777.0,1998,  Switzerland,Gunvor,Lass ihn,German,,
778,778.0,1998, Slovakia,Katarina Hasprova,Modlitba,Slovak,,
779,779.0,1998, Poland,Sixteen,To takie proste,Polish,,
780,780.0,1998, Israel,Dana International,Diva dyvvh,Hebrew,,
781,781.0,1998, Germany,Guildo Horn feat Die Orthopadischen Strumpfe,Guildo hat euch lieb,German,,
782,782.0,1998, Malta,Chiara,The One That I Love,English,,
783,783.0,1998, Hungary,Charlie,A holnap mar nem lesz szomoru,Hungarian,,
784,784.0,1998, Slovenia,Vili Resnik,Naj bogovi slisijo,Slovene,,
785,785.0,1998, Ireland,Dawn Martin,Is Always Over Now,English,,
786,786.0,1998, Portugal,Alma Lusa,Se eu te pudesse abracar,Portuguese,,
787,787.0,1998, Romania,Malina Olinescu,Eu cred,Romanian,,
788,788.0,1998, United Kingdom,Imaani,Where Are You,English,,
789,789.0,1998, Cyprus,Michael Hajiyanni,Genesis Genesis,Greek,,
790,790.0,1998, Netherlands,Edsilia Rombley,Hemel en aarde,Dutch,,
791,791.0,1998, Sweden,Jill Johnson,Karleken ar,Swedish,,
792,792.0,1998, Belgium,Melanie Cohl,Dis oui,French,,
793,793.0,1998, Finland,Edea,Aava,Finnish,,
794,794.0,1998, Norway,Lars A Fredriksen,Alltid sommer,Norwegian,,
795,795.0,1998, Estonia,Koit Toome,Mere lapsed,Estonian,,
796,796.0,1998, Turkey,Tuzmen,Unutamazsin,Turkish,,
797,797.0,1998, Macedonia,Vlado Janevski,Ne zori zoro Ne zori zoro,Macedonian,,
798,798.0,1999, Lithuania,Aiste,Strazdas,Samogitian,,
799,799.0,1999, Belgium,Vanessa Chinitor,Like the Wind,English,,
800,800.0,1999, Spain,Lydia,No quiero escuchar,Spanish,,
801,801.0,1999, Croatia,Doris Dragovic ,Marija Magdalena,Croatian,,
802,802.0,1999, United Kingdom,Precious,Say It Again,English,,
803,803.0,1999, Slovenia,Darja Svajger ,For a Thousand Years,English,,
804,804.0,1999, Turkey,Tugba Onal  Grup Mistik,Don artik,Turkish,,
805,805.0,1999, Norway,Van Eijk,Living My Life Without You,English,,
806,806.0,1999, Denmark,Trine Jepsen  Michael Teschl,This Time I Mean It,English,,
807,807.0,1999, France,Nayah,Je veux donner ma voix,French,,
808,808.0,1999, Netherlands,Marlayne,One Good Reason,English,,
809,809.0,1999, Poland,Mietek Szczesniak,Przytul mnie mocno,Polish,,
810,810.0,1999, Iceland,Selma,All Out of Luck,English,,
811,811.0,1999, Cyprus,Marlain,Thane erotas Thanai erotas,Greek,,
812,812.0,1999, Sweden,Charlotte Nilsson Perrelli,Take Me to Your Heaven,English,,
813,813.0,1999, Portugal,Rui Bandeira,Como tudo comecou,Portuguese,,
814,814.0,1999, Ireland,The Mullans,When You Need Me,English,,
815,815.0,1999, Austria,Bobbie Singer,Reflection,English,,
816,816.0,1999, Israel,Eden,Happy Birthday Yom huledet yvm hvldt,HebrewEnglish,,
817,817.0,1999, Malta,Times Three,Believe n Peace,English,,
818,818.0,1999, Germany,Surpriz,Reise nach Jerusalem  Kuduse seyahat,GermanTurkish,,
819,819.0,1999, Bosnia and Herzegovina,Dino  Beatrice,Putnici,BosnianFrench,,
820,820.0,1999, Estonia,Evelin Samuel  Camille,Diamond of Night,English,,
821,821.0,2000, Israel,PingPong,Sameakh SHmKH,Hebrew English,,
822,822.0,2000, Netherlands,Linda Wagenmakers,No Goodbyes,English,,
823,823.0,2000, United Kingdom,Nicki French,Dont Play That Song Again,English,,
824,824.0,2000, Estonia,Ines,Once in a Lifetime,English,,
825,825.0,2000, France,Sofia Mestari,On aura le ciel,French,,
826,826.0,2000, Romania,Taxi,The Moon,English,,
827,827.0,2000, Malta,Claudette Pace,Desire,English Maltese,,
828,828.0,2000, Norway,Charmed,My Heart Goes Boom,English,,
829,829.0,2000, Russia,Alsou,Solo,English,,
830,830.0,2000, Belgium,Nathalie Sorce,Envie de vivre,French,,
831,831.0,2000, Cyprus,Voice,Nomiza Nomiza,GreekItalian,,
832,832.0,2000, Iceland,August  Telma,Tell Me,English,,
833,833.0,2000, Spain,Serafin Zubiri ,Colgado de un sueno,Spanish,,
834,834.0,2000, Denmark,Olsen Brothers,Fly on the Wings of Love,English,,
835,835.0,2000, Germany,Stefan Raab,Wadde hadde dudde da,GermanEnglish,,
836,836.0,2000,  Switzerland,Jane Bogaert,La vita cose,Italian,,
837,837.0,2000, Croatia,Goran Karan,Kad zaspu andeli,Croatian,,
838,838.0,2000, Sweden,Roger Pontare ,When Spirits Are Calling My Name,English,,
839,839.0,2000, Macedonia,XXL, te ljubam  te ljubam,MacedonianEnglish,,
840,840.0,2000, Finland,Nina Astrom,A Little Bit,English,,
841,841.0,2000, Latvia,Brainstorm,My Star,English,,
842,842.0,2000, Turkey,Pinar Ayhan  The SOS,Yorgunum anla,TurkishEnglish,,
843,843.0,2000, Ireland,Eamonn Toal,Millennium of Love,English,,
844,844.0,2000, Austria,The Rounder Girls,All to You,English,,
845,845.0,2001, Netherlands,Michelle Courtens,Out On My Own,English,,
846,846.0,2001, Iceland,Two Tricky,Angel,English,,
847,847.0,2001, Bosnia and Herzegovina,Nino Prses,Hano,BosnianEnglish,,
848,848.0,2001, Norway,Haldor Laegreid,On My Own,English,,
849,849.0,2001, Israel,Tal Sondak,En davar Ayn dbr,Hebrew,,
850,850.0,2001, Russia,Mumiy Troll,Lady Alpine Blue,English,,
851,851.0,2001, Sweden,Friends,Listen to Your Heartbeat,English,,
852,852.0,2001, Lithuania,Skamp,You Got Style,EnglishLithuanian,,
853,853.0,2001, Latvia,Arnis Mednis,Too Much,English,,
854,854.0,2001, Croatia,Vanna,Strings of My Heart,English,,
855,855.0,2001, Portugal,MTM,So sei ser feliz assim,Portuguese,,
856,856.0,2001, Ireland,Gary OShaughnessy,Without Your Love,English,,
857,857.0,2001, Spain,David Civera,Dile que la quiero,Spanish,,
858,858.0,2001, France,Natasha StPier,Je nai que mon ame,FrenchEnglish,,
859,859.0,2001, Turkey,Sedat Yuce,Sevgiliye son,TurkishEnglish,,
860,860.0,2001, United Kingdom,Lindsay Dracass,No Dream Impossible,English,,
861,861.0,2001, Slovenia,Nusa Derenda,Energy,English,,
862,862.0,2001, Poland,Piasek, Long,English,,
863,863.0,2001, Germany,Michelle,Wer Liebe lebt,GermanEnglish,,
864,864.0,2001, Estonia,Tanel Padar Dave Benton  XL,Everybody,English,,
865,865.0,2001, Malta,Fabrizio Faniello,Another Summer Night,English,,
866,866.0,2001, Greece,Antique,I Would Die for You,GreekEnglish,,
867,867.0,2001, Denmark,Rollo  King,Never Ever Let You Go,English,,
868,868.0,2002, Cyprus,One,Gimme,English,,
869,869.0,2002, United Kingdom,Jessica Garlick,Come Back,English,,
870,870.0,2002, Austria,Manuel Ortega,Say a Word,English,,
871,871.0,2002, Greece,Michalis Rakintzis,SAGAPO,English,,
872,872.0,2002, Spain,Rosa,Europes Living a Celebration,Spanish,,
873,873.0,2002, Croatia,Vesna Pisarovic,Everything I Want,English,,
874,874.0,2002, Russia,Prime Minister,Northern Girl,English,,
875,875.0,2002, Estonia,Sahlene,Runaway,English,,
876,876.0,2002, Macedonia,Karolina,Od nas zavisi Od nas zavisi,Macedonian,,
877,877.0,2002, Israel,Sarit Hadad,Light a Candle Nadlik beyakhad ner ndlyq byKHd nr,HebrewEnglish,,
878,878.0,2002,  Switzerland,Francine Jordi,Dans le jardin de mon ame,French,,
879,879.0,2002, Sweden,AfroDite,Never Let It Go,English,,
880,880.0,2002, Finland,Laura,Addicted to You,English,,
881,881.0,2002, Denmark,Malene,Tell Me Who You Are,English,,
882,882.0,2002, Bosnia and Herzegovina,Maja Tatic,Na jastuku za dvoje Na jastuku za dvoje,SerbianEnglish,,
883,883.0,2002, Belgium,Sergio  The Ladies,Sister,English,,
884,884.0,2002, France,Sandrine Francois,Il faut du temps Je me battrai pour ca,French,,
885,885.0,2002, Germany,Corinna May,I Cant Live Without Music,English,,
886,886.0,2002, Turkey,Buket Bengisu  Grup Safir,Leylaklar soldu kalbinde,TurkishEnglish,,
887,887.0,2002, Malta,Ira Losco,th Wonder,English,,
888,888.0,2002, Romania,Monica Anghel  Marcel Pavel,Tell Me Why,English,,
889,889.0,2002, Slovenia,Sestre,Samo ljubezen,Slovene,,
890,890.0,2002, Latvia,Marie N,I Wanna,English,,
891,891.0,2002, Lithuania,Aivaras,Happy You,English,,
892,892.0,2003, Iceland,Birgitta,Open Your Heart,English,,
893,893.0,2003, Austria,Alf Poier,Weil der Mensch zahlt,Styrian German,,
894,894.0,2003, Ireland,Mickey Harte,Weve Got the World,English,,
895,895.0,2003, Turkey,Sertab Erener,Everyway That I Can,English,,
896,896.0,2003, Malta,Lynn Chircop,To Dream Again,English,,
897,897.0,2003, Bosnia and Herzegovina,Mija Martina,Ne brini,CroatianEnglish,,
898,898.0,2003, Portugal,Rita Guerra,Deixame sonhar So mais uma vez,PortugueseEnglish,,
899,899.0,2003, Croatia,Claudia Beni,Vise nisam tvoja,CroatianEnglish,,
900,900.0,2003, Cyprus,Stelios Constantas,Feeling Alive,English,,
901,901.0,2003, Germany,Lou,Lets Get Happy,English,,
902,902.0,2003, Russia,tATu,Ne ver ne boysya Ne ver ne boisia,Russian English,,
903,903.0,2003, Spain,Beth,Dime,Spanish,,
904,904.0,2003, Israel,Lior Narkis,Words for Love Milim laahava mylym lAhbh,HebrewEnglish,,
905,905.0,2003, Netherlands,Esther Hart,One More Night,English,,
906,906.0,2003, United Kingdom,Jemini,Cry Baby,English,,
907,907.0,2003, Ukraine,Olexandr,Hasta la vista,English,,
908,908.0,2003, Greece,Mando,Never Let You Go,English,,
909,909.0,2003, Norway,Jostein Hasselgard,Im Not Afraid to Move On,English,,
910,910.0,2003, France,Louisa Baileche,Monts et merveilles,French,,
911,911.0,2003, Poland,Ich Troje,Keine Grenzen  Zadnych granic,GermanPolish,,
912,912.0,2003, Latvia,FLY,Hello from Mars,English,,
913,913.0,2003, Belgium,Urban Trad,Sanomi,Imaginary,,
914,914.0,2003, Estonia,Ruffus,Eighties Coming Back,English,,
915,915.0,2003, Romania,Nicola,Dont Break My Heart,English,,
916,916.0,2003, Sweden,Fame,Give Me Your Love,English,,
917,917.0,2003, Slovenia,Karmen,Nanana,English,,
918,918.0,2004, Finland,Jari Sillanpaa,Takes  to Tango,English,,
919,919.0,2004, Belarus,Alexandra  Konstantin,My Galileo,English,,
920,920.0,2004,  Switzerland,Piero Esteriore  The Music Stars,Celebrate,English,,
921,921.0,2004, Latvia,Fomins  Kleins,Dziesma par laimi,Latvian,,
922,922.0,2004, Israel,David DOr,To Believe Lehaamin lhAmyn,HebrewEnglish,,
923,923.0,2004, Andorra,Marta Roure,Jugarem a estimarnos,Catalan,,
924,924.0,2004, Portugal,Sofia Vitoria,Foi magia,Portuguese,,
925,925.0,2004, Malta,Julie  Ludwig,On Again Off Again,English,,
926,926.0,2004, Monaco,Maryon,Notre planete,French,,
927,927.0,2004, Greece,Sakis Rouvas,Shake It,English,,
928,928.0,2004, Ukraine,Ruslana,Wild Dances Dyki tantsi Diki tantsi,EnglishUkrainian,,
929,929.0,2004, Lithuania,Linas  Simona,Whats Happened to Your Love,English,,
930,930.0,2004, Albania,Anjeza Shahini,The Image of You,English,,
931,931.0,2004, Cyprus,Lisa Andreas,Stronger Every Minute,English,,
932,932.0,2004, Macedonia,Tose Proeski,Life,English,,
933,933.0,2004, Slovenia,Platin,Stay Forever,English,,
934,934.0,2004, Estonia,Neiokoso,Tii,Voro,,
935,935.0,2004, Croatia,Ivan Mikulic,You Are the Only One,English,,
936,936.0,2004, Denmark,Tomas Thordarson,Shame on You,English,,
937,937.0,2004, Serbia and Montenegro,Zeljko Joksimovic  Ad Hoc Orchestra,Lane moje Lane moje,Serbian,,
938,938.0,2004, Bosnia and Herzegovina,Deen,In the Disco,English,,
939,939.0,2004, Netherlands,ReUnion,Without You,English,,
940,940.0,2004, Spain,Ramon,Para llenarme de ti,Spanish,,
941,941.0,2004, Austria,Tie Break,Du bist,German,,
942,942.0,2004, Norway,Knut Anders Sorum,High,English,,
943,943.0,2004, France,Jonatan Cerrada,A chaque pas,FrenchSpanish,,
944,944.0,2004, Germany,Max,Cant Wait Until Tonight,EnglishTurkish,,
945,945.0,2004, Belgium,Xandee, Life,English,,
946,946.0,2004, Russia,Julia Savicheva,Believe Me,English,,
947,947.0,2004, Iceland,Jonsi,Heaven,English,,
948,948.0,2004, Ireland,Chris Doran,If My World Stopped Turning,English,,
949,949.0,2004, Poland,Blue Cafe,Love Song,EnglishSpanish,,
950,950.0,2004, United Kingdom,James Fox,Hold on to Our Love,English,,
951,951.0,2004, Turkey,Athena,For Real,English,,
952,952.0,2004, Romania,Sanda,I Admit,English,,
953,953.0,2004, Sweden,Lena Philipsson,It Hurts,English,,
954,954.0,2005, Austria,GlobalKryner,Y asi,EnglishSpanish,,
955,955.0,2005, Lithuania,Laura  The Lovers,Little by Little,English,,
956,956.0,2005, Portugal,B,Amar,PortugueseEnglish,,
957,957.0,2005, Moldova,Zdob si Zdub,Boonika bate doba,English Romanian,,
958,958.0,2005, Latvia,Walters  Kazha,The War Is Not Over,English Sign language,,
959,959.0,2005, Monaco,Lise Darly,Tout de moi,French,,
960,960.0,2005, Israel,Shiri Maimon,Hasheket shenishar hSHqt SHnSHAr,HebrewEnglish,,
961,961.0,2005, Belarus,Angelica Agurbash,Love Me Tonight,English,,
962,962.0,2005, Netherlands,Glennis Grace,My Impossible Dream,English,,
963,963.0,2005, Iceland,Selma ,If I Had Your Love,English,,
964,964.0,2005, Belgium,Nuno Resende,Le grand soir,French,,
965,965.0,2005, Estonia,Suntribe,Lets Get Loud,English,,
966,966.0,2005, Norway,Wig Wam,In My Dreams,English,,
967,967.0,2005, Romania,Luminita Anghel  Sistem,Let Me Try,English,,
968,968.0,2005, Hungary,Nox,Forogj vilag,Hungarian,,
969,969.0,2005, Finland,Geir Ronning,Why,English,,
970,970.0,2005, Macedonia,Martin Vucic,Make My Day,English,,
971,971.0,2005, Andorra,Marian van de Wal,La mirada interior,Catalan,,
972,972.0,2005,  Switzerland,Vanilla Ninja,Cool Vibes,English,,
973,973.0,2005, Croatia,Boris Novkovic feat Lado Members,Vukovi umiru sami,Croatian,,
974,974.0,2005, Bulgaria,Kaffe,Lorraine,English,,
975,975.0,2005, Ireland,Donna  Joe,Love,English,,
976,976.0,2005, Slovenia,Omar Naber,Stop,Slovene,,
977,977.0,2005, Denmark,Jakob Sveistrup,Talking to You,English,,
978,978.0,2005, Poland,Ivan  Delfin,Czarna dziewczyna,PolishRussian,,
979,979.0,2005, United Kingdom,Javine,Touch My Fire,English,,
980,980.0,2005, Malta,Chiara ,Angel,English,,
981,981.0,2005, Turkey,Gulseren,Rimi rimi ley,Turkish,,
982,982.0,2005, Albania,Ledina Celo,Tomorrow I Go,English,,
983,983.0,2005, Cyprus,Constantinos Christoforou ,Ela ela Come Baby Ela ela,English,,
984,984.0,2005, Spain,Son de Sol,Brujeria,Spanish,,
985,985.0,2005, Serbia and Montenegro,No Name,Zauvijek moja Zauvijek moja,Montenegrin,,
986,986.0,2005, Sweden,Martin Stenmarck,Las Vegas,English,,
987,987.0,2005, Ukraine,GreenJolly,Razom nas bahato Nas ne podolaty Razom nas bagato Nas ne podolati,UkrainianEnglish,,
988,988.0,2005, Germany,Gracia,Run  Hide,English,,
989,989.0,2005, Greece,Helena Paparizou,My Number One,English,,
990,990.0,2005, Russia,Natalia Podolskaya,Nobody Hurt No One,English,,
991,991.0,2005, Bosnia and Herzegovina,Feminnem,Call Me,English,,
992,992.0,2005, France,Ortal,Chacun pense a soi,French,,
993,993.0,2006, Armenia,Andre,Without Your Love,English,,
994,994.0,2006, Bulgaria,Mariana Popova,Let Me Cry,English,,
995,995.0,2006, Slovenia,Anzej Dezan,Mr Nobody,English,,
996,996.0,2006, Andorra,Jenny,Sense tu,Catalan,,
997,997.0,2006, Belarus,Polina Smolova,Mum,English,,
998,998.0,2006, Albania,Luiz Ejlli,Zjarr e ftohte,Albanian,,
999,999.0,2006, Belgium,Kate Ryan,Je tadore,English,,
1000,1000.0,2006, Ireland,Brian Kennedy,Every Song Is a Cry for Love,English,,
1001,1001.0,2006, Cyprus,Annet Artani,Why Angels Cry,English,,
1002,1002.0,2006, Monaco,Severine Ferrer,La cocodance,French Tahitian,,
1003,1003.0,2006, Macedonia,Elena Risteska,Ninanajna Ninanajna,EnglishMacedonian,,
1004,1004.0,2006, Poland,Ich Troje  feat Real McCoy,Follow My Heart,EnglishPol,,
1005,1005.0,2006, Russia,Dima Bilan,Never Let You Go,English,,
1006,1006.0,2006, Turkey,Sibel Tuzun,Super star,TurkishEnglish,,
1007,1007.0,2006, Ukraine,Tina Karol,Show Me Your Love,English,,
1008,1008.0,2006, Finland,Lordi,Hard Rock Hallelujah,English,,
1009,1009.0,2006, Netherlands,Treble,Amambanda,EnglishImaginary,,
1010,1010.0,2006, Lithuania,LT United,We Are the Winners,English French,,
1011,1011.0,2006, Portugal,Nonstop,Coisas de nada Gonna Make You Dance,PortugueseEnglish,,
1012,1012.0,2006, Sweden,Carola ,Invincible,English,,
1013,1013.0,2006, Estonia,Sandra Oxenryd,Through My Window,English,,
1014,1014.0,2006, Bosnia and Herzegovina,Hari Mata Hari,Lejla,Bosnian,,
1015,1015.0,2006, Iceland,Silvia Night,Congratulations,English,,
1016,1016.0,2006,  Switzerland,sixone,If We All Give a Little,English,,
1017,1017.0,2006, Moldova,Arsenium feat Natalia Gordienko  ConnectR,Loca,English Spanish,,
1018,1018.0,2006, Israel,Eddie Butler,Together We Are One Ze hazman zh hzmn,HebrewEnglish,,
1019,1019.0,2006, Latvia,Vocal Group Cosmos,I Hear Your Heart,English,,
1020,1020.0,2006, Norway,Christine Guldbrandsen,Alvedansen,Norwegian,,
1021,1021.0,2006, Spain,Las Ketchup,Un Blodymary,Spanish,,
1022,1022.0,2006, Malta,Fabrizio Faniello ,I Do,English,,
1023,1023.0,2006, Germany,Texas Lightning,No No Never,English,,
1024,1024.0,2006, Denmark,Sidsel Ben Semmane,Twist of Love,English,,
1025,1025.0,2006, Romania,Mihai Traistariu,Tornero,EnglishItalian,,
1026,1026.0,2006, United Kingdom,Daz Sampson,Teenage Life,English,,
1027,1027.0,2006, Greece,Anna Vissi ,Everything,English,,
1028,1028.0,2006, France,Virginie Pouchain,Il etait temps,French,,
1029,1029.0,2006, Croatia,Severina,Moja stikla,Croatian,,
1030,1030.0,2007, Bulgaria,Elitsa Todorova  Stoyan Yankoulov,Water Voda Voda,Bulgarian,,
1031,1031.0,2007, Israel,Teapacks,Push the Button,EnglishFrench,,
1032,1032.0,2007, Cyprus,Evridiki ,Comme ci comme ca,French,,
1033,1033.0,2007, Belarus,Koldun,Work Your Magic,English,,
1034,1034.0,2007, Iceland,Eirikur Hauksson,Valentine Lost,English,,
1035,1035.0,2007, Georgia,Sopho,Visionary Dream,English,,
1036,1036.0,2007, Montenegro,Stevan Faddy,Ajde kroci Ajde krochi,Montenegrin,,
1037,1037.0,2007,  Switzerland,DJ BoBo,Vampires Are Alive,English,,
1038,1038.0,2007, Moldova,Natalia Barbu,Fight,English,,
1039,1039.0,2007, Netherlands,Edsilia Rombley ,On Top of the World,English,,
1040,1040.0,2007, Albania,Frederik Ndoci,Hear My Plea Balada e gurit,EnglishAlbanian,,
1041,1041.0,2007, Denmark,DQ,Drama Queen,English,,
1042,1042.0,2007, Croatia,Dragonfly feat Dado Topic,Vjerujem u ljubav,CroatianEnglish,,
1043,1043.0,2007, Poland,The Jet Set,Time to Party,English,,
1044,1044.0,2007, Serbia,Marija Serifovic,Molitva Molitva,Serbian,,
1045,1045.0,2007, Czech Republic,Kabat,Mala dama,Czech,,
1046,1046.0,2007, Portugal,Sabrina,Danca comigo Vem ser feliz,PortugueseEnglish,,
1047,1047.0,2007, Macedonia,Karolina ,Mojot svet Mojot svet,MacedonianEnglish,,
1048,1048.0,2007, Norway,Guri Schanke,Ven a bailar conmigo,English,,
1049,1049.0,2007, Malta,Olivia Lewis,Vertigo,English,,
1050,1050.0,2007, Andorra,Anonymous,Salvem el mon Lets Save the World,CatalanEnglish,,
1051,1051.0,2007, Hungary,Magdi Ruzsa,Unsubstantial Blues,English,,
1052,1052.0,2007, Estonia,Gerli Padar,Partners in Crime,English,,
1053,1053.0,2007, Belgium,The KMGs,LovePower,English,,
1054,1054.0,2007, Slovenia,Alenka Gotar,Cvet z juga,Slovene,,
1055,1055.0,2007, Turkey,Kenan Dogulu,Shake It Up Sekerim,English,,
1056,1056.0,2007, Austria,Eric Papilaya,Get a Life  Get Alive,English,,
1057,1057.0,2007, Latvia,Bonapartilv,Questa notte,Italian,,
1058,1058.0,2007, Bosnia and Herzegovina,Marija Sestic,Rijeka bez imena Rijeka bez imena,Serbian,,
1059,1059.0,2007, Spain,DNash,I Love You Mi Vida,Spanish English,,
1060,1060.0,2007, Ireland,Dervish,They Cant Stop the Spring,English,,
1061,1061.0,2007, Finland,Hanna,Leave Me Alone,English,,
1062,1062.0,2007, Lithuania,Fun,Love or Leave,English,,
1063,1063.0,2007, Greece,Sarbel,Yassou Maria Geia sou Maria,English,,
1064,1064.0,2007, Sweden,The Ark,The Worrying Kind,English,,
1065,1065.0,2007, France,Les Fatals Picards,Lamour a la francaise,FrenchEnglish,,
1066,1066.0,2007, Russia,Serebro,Song ,English,,
1067,1067.0,2007, Germany,Roger Cicero,Frauen regiern die Welt,GermanEnglish,,
1068,1068.0,2007, Ukraine,Verka Serduchka,Dancing Lasha Tumbai Dantsing Lasha Tumbai,GermanEnglish,,
1069,1069.0,2007, United Kingdom,Scooch,Flying the Flag For You,English,,
1070,1070.0,2007, Romania,Todomondo,Liubi Liubi I Love You Liubi Liubi I love you,EnglishItSp,,
1071,1071.0,2007, Armenia,Hayko,Anytime You Need,EnglishArmenian,,
1072,1072.0,2008, Montenegro,Stefan Filipovic,Zauvijek volim te Zauvijek volim te,Montenegrin,,
1073,1073.0,2008, Israel,Boaz,The Fire in Your Eyes Keilu kan kAylv kAn,HebrewEnglish,,
1074,1074.0,2008, Estonia,Kreisiraadio,Leto svet,Serbian,,
1075,1075.0,2008, Moldova,Geta Burlacu,A Century of Love,English,,
1076,1076.0,2008, San Marino,Miodio,Complice,Italian,,
1077,1077.0,2008, Belgium,Ishtar,O Julissi,Imaginary,,
1078,1078.0,2008, Azerbaijan,Elnur  Samir,Day After Day,English,,
1079,1079.0,2008, Slovenia,Rebeka Dremelj,Vrag naj vzame,Slovene,,
1080,1080.0,2008, Norway,Maria Haukaas Storeng,Hold on Be Strong,English,,
1081,1081.0,2008, Poland,Isis Gee,For Life,English,,
1082,1082.0,2008, Ireland,Dustin the Turkey,Irelande douze pointe,English,,
1083,1083.0,2008, Andorra,Gisela,Casanova,English Catalan,,
1084,1084.0,2008, Bosnia and Herzegovina,Laka,Pokusaj,Bosnian,,
1085,1085.0,2008, Armenia,Sirusho,Qele qele Kele kele,EnglishArmenian,,
1086,1086.0,2008, Netherlands,Hind,Your Heart Belongs to Me,English,,
1087,1087.0,2008, Finland,Terasbetoni,Missa miehet ratsastaa,Finnish,,
1088,1088.0,2008, Romania,Nico  Vlad,Peo margine de lume,RomanianItalian,,
1089,1089.0,2008, Russia,Dima Bilan ,Believe,English,,
1090,1090.0,2008, Greece,Kalomira,Secret Combination,English,,
1091,1091.0,2008, Iceland,Euroband,This Is My Life,English,,
1092,1092.0,2008, Sweden,Charlotte Perrelli ,Hero,English,,
1093,1093.0,2008, Turkey,Mor ve Otesi,Deli,Turkish,,
1094,1094.0,2008, Ukraine,Ani Lorak,Shady Lady,English,,
1095,1095.0,2008, Lithuania,Jeronimas Milius,Nomads in the Night,English,,
1096,1096.0,2008, Albania,Olta Boka,Zemren e lame peng,Albanian,,
1097,1097.0,2008,  Switzerland,Paolo Meneguzzi,Era stupendo,Italian,,
1098,1098.0,2008, Czech Republic,Tereza Kerndlova,Have Some Fun,English,,
1099,1099.0,2008, Belarus,Ruslan Alehno,Hasta la vista,English,,
1100,1100.0,2008, Latvia,Pirates of the Sea,Wolves of the Sea,English,,
1101,1101.0,2008, Croatia,Kraljevi ulice   cents,Romanca,Croatian,,
1102,1102.0,2008, Bulgaria,Deep Zone  Balthazar,DJ Take Me Away,English,,
1103,1103.0,2008, Denmark,Simon Mathew,All Night Long,English,,
1104,1104.0,2008, Georgia,Diana Gurtskaya,Peace Will Come,English,,
1105,1105.0,2008, Hungary,Csezy,Candlelight Szivveres,EnglishHungarian,,
1106,1106.0,2008, Malta,Morena,Vodka,English Russian,,
1107,1107.0,2008, Cyprus,Evdokia Kadi,Femme fatale,Greek,,
1108,1108.0,2008, Macedonia,Tamara Vrcak  Adrijan,Let Me Love You,English,,
1109,1109.0,2008, Portugal,Vania Fernandes,Senhora do mar Negras aguas,Portuguese,,
1110,1110.0,2008, United Kingdom,Andy Abraham,Even If,English,,
1111,1111.0,2008, Germany,No Angels,Disappear,English,,
1112,1112.0,2008, France,Sebastien Tellier,Divine,EnglishFrench,,
1113,1113.0,2008, Spain,Rodolfo Chikilicuatre,Baila el chiki chiki,SpanishEnglish,,
1114,1114.0,2008, Serbia,Jelena Tomasevic feat Bora Dugic,Oro Oro,Serbian,,
1115,1115.0,2009, Montenegro,Andrea Demirovic,Just Get Out of My Life,English,,
1116,1116.0,2009, Czech Republic,Gipsycz,Aven Romale,English Romani,,
1117,1117.0,2009, Belgium,Copycat,Copycat,English,,
1118,1118.0,2009, Belarus,Petr Elfimov,Eyes That Never Lie,English,,
1119,1119.0,2009, Sweden,Malena Ernman,La voix,EnglishFrench,,
1120,1120.0,2009, Armenia,Inga  Anush,Jan jan Nor par Jan jan Nor par,EnglishArmenian,,
1121,1121.0,2009, Andorra,Susanne Georgi,La teva decisio Get a Life,CatalanEnglish,,
1122,1122.0,2009,  Switzerland,Lovebugs,The Highest Heights,English,,
1123,1123.0,2009, Turkey,Hadise,Dum tek tek,English,,
1124,1124.0,2009, Israel,Noa  Mira Awad,There Must Be Another Way Einaikh ynyyk,EnglishHebrew,,
1125,1125.0,2009, Bulgaria,Krassimir Avramov,Illusion,English,,
1126,1126.0,2009, Iceland,Yohanna,Is It True,English,,
1127,1127.0,2009, Macedonia,Next Time,Nesto sto kje ostane Neshto shto kje ostane,Macedonian,,
1128,1128.0,2009, Romania,Elena,The Balkan Girls,English,,
1129,1129.0,2009, Finland,Waldos People,Lose Control,English,,
1130,1130.0,2009, Portugal,FlordeLis,Todas as ruas do amor,Portuguese,,
1131,1131.0,2009, Malta,Chiara ,What If We,English,,
1132,1132.0,2009, Bosnia and Herzegovina,Regina band,Bistra voda,Bosnian,,
1133,1133.0,2009, Croatia,Igor Cukrov feat Andrea,Lijepa Tena,Croatian,,
1134,1134.0,2009, Ireland,Sinead Mulvey  Black Daisy,Et Cetera,English,,
1135,1135.0,2009, Latvia,Intars Busulis,Probka Probka,Russian,,
1136,1136.0,2009, Serbia,Marko Kon  Milaan,Cipela Tsipela,Serbian,,
1137,1137.0,2009, Poland,Lidia Kopania,I Dont Wanna Leave,English,,
1138,1138.0,2009, Norway,Alexander Rybak,Fairytale,English,,
1139,1139.0,2009, Cyprus,Christina Metaxa,Firefly,English,,
1140,1140.0,2009, Slovakia,Kamil Mikulcik  Nela Pociskova,Let tmou,Slovak,,
1141,1141.0,2009, Denmark,Brinck,Believe Again,English,,
1142,1142.0,2009, Slovenia,Quartissimo feat Martina,Love Symphony Simfonija,EnglishSlovene,,
1143,1143.0,2009, Hungary,Zoli Adok,Dance with Me,English,,
1144,1144.0,2009, Azerbaijan,AySel  Arash,Always,English,,
1145,1145.0,2009, Greece,Sakis Rouvas ,This Is Our Night,English,,
1146,1146.0,2009, Lithuania,Sasha Son,Love,EnglishRussian,,
1147,1147.0,2009, Moldova,Nelly Ciobanu,Hora din Moldova,RomanianEnglish,,
1148,1148.0,2009, Albania,Kejsi Tola,Carry Me in Your Dreams,English,,
1149,1149.0,2009, Ukraine,Svetlana Loboda,Be My Valentine AntiCrisis Girl,English,,
1150,1150.0,2009, Estonia,Urban Symphony,Randajad,Estonian,,
1151,1151.0,2009, Netherlands,The Toppers,Shine,English,,
1152,1152.0,2009, France,Patricia Kaas,Et sil fallait le faire,French,,
1153,1153.0,2009, Russia,Anastasia Prikhodko,Mamo Mamo,RussianUkrainian,,
1154,1154.0,2009, Germany,Alex Swings Oscar Sings,Miss Kiss Kiss Bang,English,,
1155,1155.0,2009, United Kingdom,Jade Ewen,Its My Time,English,,
1156,1156.0,2009, Spain,Soraya Arnelas,La noche es para mi,Spanish,,
1157,1157.0,2010, Moldova,SunStroke Project  Olia Tira,Run Away,English,,
1158,1158.0,2010, Russia,Peter Nalitch  Friends,Lost and Forgotten,English,,
1159,1159.0,2010, Estonia,Malcolm Lincoln feat Manpower ,Siren,English,,
1160,1160.0,2010, Slovakia,Kristina,Horehronie,Slovak,,
1161,1161.0,2010, Finland,Kuunkuiskaajat,Tyolki ellaa,Finnish,,
1162,1162.0,2010, Latvia,Aisha,What For,English,,
1163,1163.0,2010, Serbia,Milan Stankovic,Ovo je Balkan Ovo je Balkan,Serbian,,
1164,1164.0,2010, Bosnia and Herzegovina,Vukasin Brajic,Thunder and Lightning,English,,
1165,1165.0,2010, Poland,Marcin Mrozinski,Legenda,EnglishPolish,,
1166,1166.0,2010, Belgium,Tom Dice,Me and My Guitar,English,,
1167,1167.0,2010, Malta,Thea Garrett,My Dream,English,,
1168,1168.0,2010, Albania,Juliana Pasha,Its All About You,English,,
1169,1169.0,2010, Greece,Giorgos Alkaios  Friends,OPA OPA,Greek,,
1170,1170.0,2010, Portugal,Filipa Azevedo,Ha dias assim,Portuguese,,
1171,1171.0,2010, Macedonia,Gjoko Taneski,Jas ja imam silata Jas ja imam silata,Macedonian,,
1172,1172.0,2010, Belarus, feat Robert Wells,Butterflies,English,,
1173,1173.0,2010, Iceland,Hera Bjork,Je ne sais quoi,English French,,
1174,1174.0,2010, Lithuania,InCulto,Eastern European Funk,English,,
1175,1175.0,2010, Armenia,Eva Rivas,Apricot Stone,English,,
1176,1176.0,2010, Israel,Harel Skaat,Milim mylym,Hebrew,,
1177,1177.0,2010, Denmark,Chanee  nevergreen,In a Moment Like This,English,,
1178,1178.0,2010,  Switzerland,Michael von der Heide,Il pleut de lor,French,,
1179,1179.0,2010, Sweden,Anna Bergendahl,This Is My Life,English,,
1180,1180.0,2010, Azerbaijan,Safura,Drip Drop,English,,
1181,1181.0,2010, Ukraine,Alyosha,Sweet People,English,,
1182,1182.0,2010, Netherlands,Sieneke,Ik ben verliefd Shalalie,Dutch,,
1183,1183.0,2010, Romania,Paula Seling  Ovi,Playing with Fire,English,,
1184,1184.0,2010, Slovenia,Ansambel Zlindra  Kalamari,Narodnozabavni rock,Slovene,,
1185,1185.0,2010, Ireland,Niamh Kavanagh ,Its for You,English,,
1186,1186.0,2010, Bulgaria,Miro,Angel si ti You Are an Angel Angel si ti,BulgarianEnglish,,
1187,1187.0,2010, Cyprus,Jon Lilygreen  The Islanders,Life Looks Better in Spring,English,,
1188,1188.0,2010, Croatia,Feminnem ,Lako je sve,Croatian,,
1189,1189.0,2010, Georgia,Sofia Nizharadze,Shine,English,,
1190,1190.0,2010, Turkey,maNga,We Could Be the Same,English,,
1191,1191.0,2010, Spain,Daniel Diges,Algo pequenito,Spanish,,
1192,1192.0,2010, Norway,Didrik SolliTangen,My Heart Is Yours,English,,
1193,1193.0,2010, United Kingdom,Josh Dubovie,That Sounds Good to Me,English,,
1194,1194.0,2010, France,Jessy Matador,Allez ola ole,French,,
1195,1195.0,2010, Germany,Lena,Satellite,English,,
1196,1196.0,2011, Poland,Magdalena Tul,Jestem,Polish,,
1197,1197.0,2011, Norway,Stella Mwangi,Haba Haba,English Swahili,,
1198,1198.0,2011, Albania,Aurela Gace,Feel the Passion Kenga ime,EnglishAlbanian,,
1199,1199.0,2011, Armenia,Emmy,Boom Boom,English,,
1200,1200.0,2011, Turkey,Yuksek Sadakat,Live It Up,English,,
1201,1201.0,2011, Serbia,Nina Radojcic,Caroban Charoban,Serbian,,
1202,1202.0,2011, Russia,Alexej Vorobjov,Get You,English Russian,,
1203,1203.0,2011,  Switzerland,Anna Rossinelli,In Love for a While,English,,
1204,1204.0,2011, Georgia,Eldrine,One More Day,English,,
1205,1205.0,2011, Finland,Paradise Oskar,Da Da Dam,English,,
1206,1206.0,2011, Malta,Glen Vella,One Life,English,,
1207,1207.0,2011, San Marino,Senit,Stand By,English,,
1208,1208.0,2011, Croatia,Daria,Celebrate,English,,
1209,1209.0,2011, Iceland,Sjonnis Friends,Coming Home,English,,
1210,1210.0,2011, Hungary,Kati Wolf,What About My Dreams Szerelem miert mulsz,EnglishHungarian,,
1211,1211.0,2011, Portugal,Homens da Luta,A luta e alegria,Portuguese,,
1212,1212.0,2011, Lithuania,Evelina Sasenko,Cest ma vie,English French,,
1213,1213.0,2011, Azerbaijan,EllNikki,Running Scared,English,,
1214,1214.0,2011, Greece,Loucas Yiorkas feat Stereo Mike,Watch My Dance,EnglishGreek,,
1215,1215.0,2011, Bosnia and Herzegovina,Dino Merlin ,Love in Rewind,English Bosnian,,
1216,1216.0,2011, Austria,Nadine Beiler,The Secret Is Love,English,,
1217,1217.0,2011, Netherlands,JS,Never Alone,English,,
1218,1218.0,2011, Belgium,Witloof Bay,With Love Baby,English,,
1219,1219.0,2011, Slovakia,TWiiNS,Im Still Alive,English,,
1220,1220.0,2011, Ukraine,Mika Newton,Angel,English,,
1221,1221.0,2011, Moldova,Zdob si Zdub ,So Lucky,English,,
1222,1222.0,2011, Sweden,Eric Saade,Popular,English,,
1223,1223.0,2011, Cyprus,Christos Mylordos,San aggelos sagapisa San aggelos sagapesa,Greek,,
1224,1224.0,2011, Bulgaria,Poli Genova,Na inat Na inat,Bulgarian,,
1225,1225.0,2011, Macedonia,Vlatko Ilievski,Rusinka Rusinka,MacedonianEnglish,,
1226,1226.0,2011, Israel,Dana International ,Ding Dong dyng dvng,HebrewEnglish,,
1227,1227.0,2011, Slovenia,Maja Keuc,No One,English,,
1228,1228.0,2011, Romania,Hotel FM,Change,English,,
1229,1229.0,2011, Estonia,Getter Jaani,Rockefeller Street,English,,
1230,1230.0,2011, Belarus,Anastasia Vinnikova,I Love Belarus,English,,
1231,1231.0,2011, Latvia,Musiqq,Angel in Disguise,English,,
1232,1232.0,2011, Denmark,A Friend in London,New Tomorrow,English,,
1233,1233.0,2011, Ireland,Jedward,Lipstick,English,,
1234,1234.0,2011, France,Amaury Vassili,Sognu,Corsican,,
1235,1235.0,2011, Italy,Raphael Gualazzi,Madness of Love Follia damore,ItalianEnglish,,
1236,1236.0,2011, United Kingdom,Blue,I Can,English,,
1237,1237.0,2011, Germany,Lena ,Taken by a Stranger,English,,
1238,1238.0,2011, Spain,Lucia Perez,Que me quiten lo bailao,Spanish,,
1239,1239.0,2012, Montenegro,Rambo Amadeus,Euro Neuro,English German,,
1240,1240.0,2012, Iceland,Greta Salome  Jonsi ,Never Forget,English,,
1241,1241.0,2012, Greece,Eleftheria Eleftheriou,Aphrodisiac,English,,
1242,1242.0,2012, Latvia,Anmary,Beautiful Song,English,,
1243,1243.0,2012, Albania,Rona Nishliu,Suus,Albanian,,
1244,1244.0,2012, Romania,Mandinga,Zaleilah,SpanishEnglish,,
1245,1245.0,2012,  Switzerland,Sinplus,Unbreakable,English,,
1246,1246.0,2012, Belgium,Iris,Would You,English,,
1247,1247.0,2012, Finland,Pernilla,Nar jag blundar,Swedish,,
1248,1248.0,2012, Israel,Izabo,Time,EnglishHebrew,,
1249,1249.0,2012, San Marino,Valentina Monetta,The Social Network Song Oh Oh  Uh  Oh Oh,English Italian,,
1250,1250.0,2012, Cyprus,Ivi Adamou,La La Love,English,,
1251,1251.0,2012, Denmark,Soluna Samay,Shouldve Known Better,English Arabic,,
1252,1252.0,2012, Russia,Buranovskiye Babushki,Party for Everybody,Udmurt English,,
1253,1253.0,2012, Hungary,Compact Disco,Sound of Our Hearts,English,,
1254,1254.0,2012, Austria,Trackshittaz,Woki mit deim Popo,Muhlviertel German,,
1255,1255.0,2012, Moldova,Pasha Parfeny,Lautar,English,,
1256,1256.0,2012, Ireland,Jedward ,Waterline,English,,
1257,1257.0,2012, Serbia,Zeljko Joksimovic ,Nije ljubav stvar Nije ljubav stvar,Serbian,,
1258,1258.0,2012, Macedonia,Kaliopi,Crno i belo Tsrno i belo,Macedonian,,
1259,1259.0,2012, Netherlands,Joan Franka,You and Me,English,,
1260,1260.0,2012, Malta,Kurt Calleja,This Is the Night,English,,
1261,1261.0,2012, Belarus,Litesound,We Are the Heroes,English,,
1262,1262.0,2012, Portugal,Filipa Sousa,Vida minha,Portuguese,,
1263,1263.0,2012, Ukraine,Gaitana,Be My Guest,English,,
1264,1264.0,2012, Bulgaria,Sofi Marinova,Love Unlimited,Bulgarian  other,,
1265,1265.0,2012, Slovenia,Eva Boto,Verjamem,Slovene,,
1266,1266.0,2012, Croatia,Nina Badric,Nebo,Croatian,,
1267,1267.0,2012, Sweden,Loreen,Euphoria,English,,
1268,1268.0,2012, Georgia,Anri Jokhadze,Im a Joker,EnglishGeorgian,,
1269,1269.0,2012, Turkey,Can Bonomo,Love Me Back,English,,
1270,1270.0,2012, Estonia,Ott Lepland,Kuula,Estonian,,
1271,1271.0,2012, Slovakia,Max Jason Mai,Dont Close Your Eyes,English,,
1272,1272.0,2012, Norway,Tooji,Stay,English,,
1273,1273.0,2012, Bosnia and Herzegovina,Maya Sar,Korake ti znam,Bosnian,,
1274,1274.0,2012, Lithuania,Donny Montell,Love Is Blind,English,,
1275,1275.0,2012, United Kingdom,Engelbert Humperdinck,Love Will Set You Free,English,,
1276,1276.0,2012, France,Anggun,Echo You and I,FrenchEnglish,,
1277,1277.0,2012, Italy,Nina Zilli,Lamore e femmina Out of Love,EnglishItalian,,
1278,1278.0,2012, Azerbaijan,Sabina Babayeva,When the Music Dies,English,,
1279,1279.0,2012, Spain,Pastora Soler,Quedate conmigo,Spanish,,
1280,1280.0,2012, Germany,Roman Lob,Standing Still,English,,
1281,1281.0,2013, Austria,Natalia Kelly,Shine,English,,
1282,1282.0,2013, Estonia,Birgit,Et uus saaks alguse,Estonian,,
1283,1283.0,2013, Slovenia,Hannah,Straight into Love,English,,
1284,1284.0,2013, Croatia,Klapa s Mora,Mizerja,Croatian,,
1285,1285.0,2013, Denmark,Emmelie de Forest,Only Teardrops,English,,
1286,1286.0,2013, Russia,Dina Garipova,What If,English,,
1287,1287.0,2013, Ukraine,Zlata Ognevich,Gravity,English,,
1288,1288.0,2013, Netherlands,Anouk,Birds,English,,
1289,1289.0,2013, Montenegro,Who See,Igranka Igranka,Montenegrin,,
1290,1290.0,2013, Lithuania,Andrius Pojavis,Something,English,,
1291,1291.0,2013, Belarus,Alyona Lanskaya,Solayoh,English,,
1292,1292.0,2013, Moldova,Aliona Moon,O mie,Romanian,,
1293,1293.0,2013, Ireland,Ryan Dolan,Only Love Survives,English,,
1294,1294.0,2013, Cyprus,Despina Olympiou,An me thimase An me thumasai,Greek,,
1295,1295.0,2013, Belgium,Roberto Bellarosa,Love Kills,English,,
1296,1296.0,2013, Serbia,Moje ,Ljubav je svuda Ljubav je svuda,Serbian,,
1297,1297.0,2013, Latvia,PeR,Here We Go,English,,
1298,1298.0,2013, San Marino,Valentina Monetta ,Crisalide Vola,Italian,,
1299,1299.0,2013, Macedonia,Esma  Lozano,Pred da se razdeni Pred da se razdeni,MacedonianRomani,,
1300,1300.0,2013, Azerbaijan,Farid Mammadov,Hold Me,English,,
1301,1301.0,2013, Finland,Krista Siegfrids,Marry Me,English,,
1302,1302.0,2013, Malta,Gianluca,Tomorrow,English,,
1303,1303.0,2013, Bulgaria,Elitsa Todorova  Stoyan Yankoulov ,Samo shampioni Samo shampioni,Bulgarian,,
1304,1304.0,2013, Iceland,Eythor Ingi,Eg a lif,Icelandic,,
1305,1305.0,2013, Greece,Koza Mostra feat Agathon Iakovidis,Alcohol Is Free,Greek,,
1306,1306.0,2013, Israel,Moran Mazor,Rak bishvilo rq bSHbylv,Hebrew,,
1307,1307.0,2013, Armenia,Dorians,Lonely Planet,English,,
1308,1308.0,2013, Hungary,ByeAlex,Kedvesem Zoohacker Remix,Hungarian,,
1309,1309.0,2013, Norway,Margaret Berger,I Feed You My Love,English,,
1310,1310.0,2013, Albania,Adrian Lulgjuraj  Bledar Sejko,Identitet,Albanian,,
1311,1311.0,2013, Georgia,Nodi Tatishvili  Sophie Gelovani,Waterfall,English,,
1312,1312.0,2013,  Switzerland,Takasa,You and Me,English,,
1313,1313.0,2013, Romania,Cezar,Its My Life,English,,
1314,1314.0,2013, France,Amandine Bourgeois,Lenfer et moi,French,,
1315,1315.0,2013, Spain,ESDM,Contigo hasta el final,Spanish English,,
1316,1316.0,2013, Germany,Cascada,Glorious,English,,
1317,1317.0,2013, United Kingdom,Bonnie Tyler,Believe in Me,English,,
1318,1318.0,2013, Sweden,Robin Stjernberg,You,English,,
1319,1319.0,2013, Italy,Marco Mengoni,Lessenziale,Italian,,
1320,1320.0,2014, Armenia,Aram MP,Not Alone,English,,
1321,1321.0,2014, Latvia,Aarzemnieki,Cake to Bake,English Latvian,,
1322,1322.0,2014, Estonia,Tanja,Amazing,English,,
1323,1323.0,2014, Sweden,Sanna Nielsen,Undo,English,,
1324,1324.0,2014, Iceland,Pollaponk,No Prejudice,English,,
1325,1325.0,2014, Albania,Hersi,One Nights Anger,English,,
1326,1326.0,2014, Russia,Tolmachevy Sisters,Shine,English,,
1327,1327.0,2014, Azerbaijan,Dilara Kazimova,Start a Fire,English,,
1328,1328.0,2014, Ukraine,Mariya Yaremchuk,TickTock,English,,
1329,1329.0,2014, Belgium,Axel Hirsoux,Mother,English,,
1330,1330.0,2014, Moldova,Cristina Scarlat,Wild Soul,English,,
1331,1331.0,2014, San Marino,Valentina Monetta ,Maybe,English,,
1332,1332.0,2014, Portugal,Suzy,Quero ser tua,Portuguese,,
1333,1333.0,2014, Netherlands,The Common Linnets,Calm After the Storm,English,,
1334,1334.0,2014, Montenegro,Sergej Cetkovic,Moj svijet Moj svijet,Montenegrin,,
1335,1335.0,2014, Hungary,Andras KallaySaunders,Running,English,,
1336,1336.0,2014, Malta,Firelight,Coming Home,English,,
1337,1337.0,2014, Israel,Mei Finegold,Same Heart,EnglishHebrew,,
1338,1338.0,2014, Norway,Carl Espen,Silent Storm,English,,
1339,1339.0,2014, Georgia,The Shin  Mariko,Three Minutes to Earth,English,,
1340,1340.0,2014, Poland,Donatan  Cleo,My Slowianie  We Are Slavic,PolishEnglish,,
1341,1341.0,2014, Austria,Conchita Wurst,Rise Like a Phoenix,English,,
1342,1342.0,2014, Lithuania,Vilija,Attention,English,,
1343,1343.0,2014, Finland,Softengine,Something Better,English,,
1344,1344.0,2014, Ireland,CanLinn feat Kasey Smith,Heartbeat,English,,
1345,1345.0,2014, Belarus,Teo,Cheesecake,English,,
1346,1346.0,2014, Macedonia,Tijana,To the Sky,English,,
1347,1347.0,2014,  Switzerland,Sebalter,Hunter of Stars,English,,
1348,1348.0,2014, Greece,Freaky Fortune feat RiskyKidd,Rise Up,English,,
1349,1349.0,2014, Slovenia,Tinkara Kovac,Round and Round Spet,EnglishSlovene,,
1350,1350.0,2014, Romania,Paula Seling   Ovi ,Miracle,English,,
1351,1351.0,2014, Germany,Elaiza,Is It Right,English,,
1352,1352.0,2014, France,Twin Twin,Moustache,French,,
1353,1353.0,2014, Italy,Emma Marrone,La mia citta,Italian English,,
1354,1354.0,2014, Spain,Ruth Lorenzo,Dancing in the Rain,EnglishSpanish,,
1355,1355.0,2014, Denmark,Basim,Cliche Love Song,English,,
1356,1356.0,2014, United Kingdom,Molly,Children of the Universe,English,,
1357,1357.0,2015, Moldova,Eduard Romanyuta,I Want Your Love,English,,
1358,1358.0,2015, Armenia,Genealogy,Face the Shadow,English,,
1359,1359.0,2015, Belgium,Loic Nottet,Rhythm Inside,English,,
1360,1360.0,2015, Netherlands,Trijntje Oosterhuis,Walk Along,English,,
1361,1361.0,2015, Finland,Pertti Kurikan Nimipaivat,Aina mun pitaa,Finnish,,
1362,1362.0,2015, Greece,Maria Elena Kyriakou,One Last Breath,English,,
1363,1363.0,2015, Estonia,Elina Born  Stig Rasta,Goodbye to Yesterday,English,,
1364,1364.0,2015, Macedonia,Daniel Kajmakoski,Autumn Leaves,English,,
1365,1365.0,2015, Serbia,Bojana Stamenov,Beauty Never Lies,English Sign language,,
1366,1366.0,2015, Hungary,Boggie,Wars for Nothing,English,,
1367,1367.0,2015, Belarus,Uzari  Maimuna,Time,English,,
1368,1368.0,2015, Russia,Polina Gagarina,A Million Voices,English,,
1369,1369.0,2015, Denmark,Anti Social Media,The Way You Are,English,,
1370,1370.0,2015, Albania,Elhaida Dani,Im Alive,English,,
1371,1371.0,2015, Romania,Voltaj,De la capat All Over Again,RomanianEnglish,,
1372,1372.0,2015, Georgia,Nina Sublatti,Warrior,English,,
1373,1373.0,2015, Lithuania,Monika Linkyte  Vaidas Baumila,This Time,English,,
1374,1374.0,2015, Ireland,Molly Sterling,Playing with Numbers,English,,
1375,1375.0,2015, San Marino,Anita Simoncini  Michele Perniola,Chain of Lights,English,,
1376,1376.0,2015, Montenegro,Knez,Adio Adio,Montenegrin,,
1377,1377.0,2015, Malta,Amber,Warrior,English,,
1378,1378.0,2015, Norway,Morland  Debrah Scarlett,A Monster Like Me,English,,
1379,1379.0,2015, Portugal,Leonor Andrade,Ha um mar que nos separa,Portuguese,,
1380,1380.0,2015, Czech Republic,Marta Jandova  Vaclav Noid Barta,Hope Never Dies,English,,
1381,1381.0,2015, Israel,Nadav Guedj,Golden Boy,English,,
1382,1382.0,2015, Latvia,Aminata,Love Injected,English,,
1383,1383.0,2015, Azerbaijan,Elnur Huseynov ,Hour of the Wolf,English,,
1384,1384.0,2015, Iceland,Maria Olafs,Unbroken,English,,
1385,1385.0,2015, Sweden,Mans Zelmerlow,Heroes,English,,
1386,1386.0,2015,  Switzerland,Melanie Rene,Time to Shine,English,,
1387,1387.0,2015, Cyprus,John Karayiannis,One Thing I Should Have Done,English,,
1388,1388.0,2015, Slovenia,Maraaya,Here for You,English,,
1389,1389.0,2015, Poland,Monika Kuszynska,In the Name of Love,English,,
1390,1390.0,2015, France,Lisa Angell,Noubliez pas,French,,
1391,1391.0,2015, United Kingdom,Electro Velvet,Still in Love with You,English,,
1392,1392.0,2015, Australia,Guy Sebastian,Tonight Again,English,,
1393,1393.0,2015, Austria,The Makemakes,I Am Yours,English,,
1394,1394.0,2015, Germany,Ann Sophie,Black Smoke,English,,
1395,1395.0,2015, Spain,Edurne,Amanecer,Spanish,,
1396,1396.0,2015, Italy,Il Volo,Grande amore,Italian,,
1397,1397.0,2016, Finland,Sandhja,Sing It Away,English,,
1398,1398.0,2016, Greece,Argo,Utopian Land,GreekEnglish,,
1399,1399.0,2016, Moldova,Lidia Isac,Falling Stars,English,,
1400,1400.0,2016, Hungary,Freddie,Pioneer,English,,
1401,1401.0,2016, Croatia,Nina Kraljic,Lighthouse,English,,
1402,1402.0,2016, Netherlands,Douwe Bob,Slow Down,English,,
1403,1403.0,2016, Armenia,Iveta Mukuchyan,LoveWave,English,,
1404,1404.0,2016, San Marino,Serhat,I Didnt Know,English,,
1405,1405.0,2016, Russia,Sergey Lazarev,You Are the Only One,English,,
1406,1406.0,2016, Czech Republic,Gabriela Guncikova,I Stand,English,,
1407,1407.0,2016, Cyprus,Minus One,Alter Ego,English,,
1408,1408.0,2016, Austria,Zoe,Loin dici,French,,
1409,1409.0,2016, Estonia,Juri Pootsmann,Play,English,,
1410,1410.0,2016, Azerbaijan,Samra,Miracle,English,,
1411,1411.0,2016, Montenegro,Highway,The Real Thing,English,,
1412,1412.0,2016, Iceland,Greta Salome ,Hear Them Calling,English,,
1413,1413.0,2016, Bosnia and Herzegovina,Dalal  Deen  feat Ana Rucner  Jala,Ljubav je,Bosnian,,
1414,1414.0,2016, Malta,Ira Losco ,Walk on Water,English,,
1415,1415.0,2016, Latvia,Justs,Heartbeat,English,,
1416,1416.0,2016, Poland,Michal Szpak,Color of Your Life,English,,
1417,1417.0,2016,  Switzerland,Rykka,The Last of Our Kind,English,,
1418,1418.0,2016, Israel,Hovi Star,Made of Stars,English,,
1419,1419.0,2016, Belarus,Ivan,Help You Fly,English,,
1420,1420.0,2016, Serbia,ZAA Sanja Vucic,Goodbye Shelter,English,,
1421,1421.0,2016, Ireland,Nicky Byrne,Sunlight,English,,
1422,1422.0,2016, Macedonia,Kaliopi ,Dona Dona,Macedonian,,
1423,1423.0,2016, Lithuania,Donny Montell ,Ive Been Waiting for This Night,English,,
1424,1424.0,2016, Australia,Dami Im,Sound of Silence,English,,
1425,1425.0,2016, Slovenia,ManuElla,Blue and Red,English,,
1426,1426.0,2016, Bulgaria,Poli Genova ,If Love Was a Crime,English Bulgarian,,
1427,1427.0,2016, Denmark,Lighthouse X,Soldiers of Love,English,,
1428,1428.0,2016, Ukraine,Jamala,,EnglishCrimean Tatar,,
1429,1429.0,2016, Norway,Agnete,Icebreaker,English,,
1430,1430.0,2016, Georgia,Nika Kocharov  Young Georgian Lolitaz,Midnight Gold,English,,
1431,1431.0,2016, Albania,Eneda Tarifa,Fairytale,English,,
1432,1432.0,2016, Belgium,Laura Tesoro,Whats the Pressure,English,,
1433,1433.0,2016, Italy,Francesca Michielin,No Degree of Separation Nessun grado di separazione,ItalianEnglish,,
1434,1434.0,2016, Sweden,Frans,If I Were Sorry,English,,
1435,1435.0,2016, Germany,JamieLee,Ghost,English,,
1436,1436.0,2016, France,Amir,Jai cherche,FrenchEnglish,,
1437,1437.0,2016, Spain,Barei,Say Yay,English,,
1438,1438.0,2016, United Kingdom,Joe  Jake,Youre Not Alone,English,,
