,danceability,energy,key,loudness,mode,speechiness,acousticness,instrumentalness,liveness,valence,tempo,type,id,uri,track_href,analysis_url,duration_ms,time_signature,song,year,country,artist,language,rank,points
0,0.498,0.231,2.0,-16.628,1.0,0.0325,0.812,0.00020099999999999998,0.0705,0.34600000000000003,134.092,audio_features,5eGnVU7C3mRbXMergmSz9Q,spotify:track:5eGnVU7C3mRbXMergmSz9Q,https://api.spotify.com/v1/tracks/5eGnVU7C3mRbXMergmSz9Q,https://api.spotify.com/v1/audio-analysis/5eGnVU7C3mRbXMergmSz9Q,222493.0,4.0,Et bonjour a toi lartiste,1975, France,Nicole Rieu,French,4,91
1,0.7170000000000001,0.846,0.0,-7.432,1.0,0.0394,0.0306,0.191,0.0733,0.39,124.988,audio_features,3wfawPKNIlf7M9s46ME2Q5,spotify:track:3wfawPKNIlf7M9s46ME2Q5,https://api.spotify.com/v1/tracks/3wfawPKNIlf7M9s46ME2Q5,https://api.spotify.com/v1/audio-analysis/3wfawPKNIlf7M9s46ME2Q5,243840.0,4.0,Toi,1975, Luxembourg,Geraldine,French,5,84
2,0.617,0.379,0.0,-12.853,1.0,0.0305,0.44,0.0,0.13699999999999998,0.825,87.555,audio_features,6gZvvkOUTl33NDsbi3lzKr,spotify:track:6gZvvkOUTl33NDsbi3lzKr,https://api.spotify.com/v1/tracks/6gZvvkOUTl33NDsbi3lzKr,https://api.spotify.com/v1/audio-analysis/6gZvvkOUTl33NDsbi3lzKr,170600.0,4.0,Let Me Be the One,1975, United Kingdom,The Shadows,English,2,138
3,0.544,0.556,7.0,-11.005999999999998,1.0,0.0887,0.303,0.0,0.107,0.835,184.80900000000003,audio_features,0E19RAvUkhjMM0rdICkidE,spotify:track:0E19RAvUkhjMM0rdICkidE,https://api.spotify.com/v1/tracks/0E19RAvUkhjMM0rdICkidE,https://api.spotify.com/v1/audio-analysis/0E19RAvUkhjMM0rdICkidE,184733.0,4.0,Save Your Kisses for Me,1976, United Kingdom,Brotherhood of Man,English,1,164
4,0.516,0.391,5.0,-10.902999999999999,1.0,0.0317,0.69,0.0,0.0699,0.659,101.45700000000001,audio_features,3Yw8g06nmBa99FGgzsPbPh,spotify:track:3Yw8g06nmBa99FGgzsPbPh,https://api.spotify.com/v1/tracks/3Yw8g06nmBa99FGgzsPbPh,https://api.spotify.com/v1/audio-analysis/3Yw8g06nmBa99FGgzsPbPh,170903.0,4.0,My Little World,1976, Austria,Waterloo  Robinson,English,5,80
5,0.581,0.789,0.0,-6.013,0.0,0.0889,0.75,0.0,0.841,0.524,99.29,audio_features,29xVq0OlVUR1aXQhflX75E,spotify:track:29xVq0OlVUR1aXQhflX75E,https://api.spotify.com/v1/tracks/29xVq0OlVUR1aXQhflX75E,https://api.spotify.com/v1/audio-analysis/29xVq0OlVUR1aXQhflX75E,183600.0,4.0,Une petite francaise,1977, Monaco,Michele Torr ,French,4,96
6,0.742,0.24100000000000002,2.0,-14.751,1.0,0.0349,0.846,0.0,0.10099999999999999,0.335,102.85700000000001,audio_features,7Hy0CZtFcREucLDXB5jp6m,spotify:track:7Hy0CZtFcREucLDXB5jp6m,https://api.spotify.com/v1/tracks/7Hy0CZtFcREucLDXB5jp6m,https://api.spotify.com/v1/audio-analysis/7Hy0CZtFcREucLDXB5jp6m,183413.0,4.0,Loiseau et lenfant,1977, France,Marie Myriam,French,1,136
7,0.6729999999999999,0.9440000000000001,0.0,-4.794,1.0,0.0654,0.264,0.0,0.0684,0.9279999999999999,140.76,audio_features,24g7Wa2aTohgmuJVP4Gxia,spotify:track:24g7Wa2aTohgmuJVP4Gxia,https://api.spotify.com/v1/tracks/24g7Wa2aTohgmuJVP4Gxia,https://api.spotify.com/v1/audio-analysis/24g7Wa2aTohgmuJVP4Gxia,184200.0,4.0,Dschinghis Khan,1979, Germany,Dschinghis Khan,German,4,86
8,0.792,0.41700000000000004,2.0,-13.948,1.0,0.0317,0.127,0.0,0.303,0.8320000000000001,99.935,audio_features,2YDMHFV05yjkhAbh2gDm6B,spotify:track:2YDMHFV05yjkhAbh2gDm6B,https://api.spotify.com/v1/tracks/2YDMHFV05yjkhAbh2gDm6B,https://api.spotify.com/v1/audio-analysis/2YDMHFV05yjkhAbh2gDm6B,183093.0,4.0,Su cancion,1979, Spain,Betty Missiego,Spanish,2,116
9,0.366,0.38299999999999995,5.0,-9.994,0.0,0.0298,0.768,0.00047000000000000004,0.355,0.424,79.243,audio_features,43WxDdzUmpiZZV45RLog5g,spotify:track:43WxDdzUmpiZZV45RLog5g,https://api.spotify.com/v1/tracks/43WxDdzUmpiZZV45RLog5g,https://api.spotify.com/v1/audio-analysis/43WxDdzUmpiZZV45RLog5g,150223.0,4.0,Amsterdam,1980, Netherlands,Maggie MacNeal ,Dutch,5,93
10,0.475,0.65,8.0,-6.391,1.0,0.0352,0.35,3.29e-06,0.0996,0.19899999999999998,106.846,audio_features,3ta02cB4LPfhru6F9D4CjW,spotify:track:3ta02cB4LPfhru6F9D4CjW,https://api.spotify.com/v1/tracks/3ta02cB4LPfhru6F9D4CjW,https://api.spotify.com/v1/audio-analysis/3ta02cB4LPfhru6F9D4CjW,186000.0,4.0,Whats Another Year,1980, Ireland,Johnny Logan,English,1,143
11,0.722,0.6559999999999999,7.0,-5.497000000000001,1.0,0.0414,0.292,0.0,0.165,0.767,132.67600000000002,audio_features,1dqKwHVYD0NFiHtBspL9bw,spotify:track:1dqKwHVYD0NFiHtBspL9bw,https://api.spotify.com/v1/tracks/1dqKwHVYD0NFiHtBspL9bw,https://api.spotify.com/v1/audio-analysis/1dqKwHVYD0NFiHtBspL9bw,158071.0,4.0,Horoscopes,1981, Ireland,Sheeba,English,5,105
12,0.64,0.8340000000000001,2.0,-9.413,1.0,0.0534,0.278,0.0,0.0459,0.971,173.565,audio_features,0Azn2vpP3Sbs8qAG8e1KUc,spotify:track:0Azn2vpP3Sbs8qAG8e1KUc,https://api.spotify.com/v1/tracks/0Azn2vpP3Sbs8qAG8e1KUc,https://api.spotify.com/v1/audio-analysis/0Azn2vpP3Sbs8qAG8e1KUc,158440.0,4.0,Making Your Mind Up,1981, United Kingdom,Bucks Fizz,English,1,136
13,0.306,0.588,10.0,-6.8660000000000005,0.0,0.0287,0.45799999999999996,0.0,0.215,0.547,84.766,audio_features,5fENydWwRacRle4hHDeSBF,spotify:track:5fENydWwRacRle4hHDeSBF,https://api.spotify.com/v1/tracks/5fENydWwRacRle4hHDeSBF,https://api.spotify.com/v1/audio-analysis/5fENydWwRacRle4hHDeSBF,164947.0,4.0,Mono i agapi   ,1982, Cyprus,Anna Vissi ,Greek,5,85
14,0.5489999999999999,0.731,6.0,-6.72,0.0,0.111,0.7290000000000001,0.0,0.5770000000000001,0.644,116.572,audio_features,6Pw55XhF8gJs53qDi23St2,spotify:track:6Pw55XhF8gJs53qDi23St2,https://api.spotify.com/v1/tracks/6Pw55XhF8gJs53qDi23St2,https://api.spotify.com/v1/audio-analysis/6Pw55XhF8gJs53qDi23St2,178480.0,4.0,Hora ,1982, Israel,Avi Toledano,Hebrew,2,100
15,0.623,0.586,6.0,-5.724,1.0,0.0272,0.436,0.0,0.239,0.574,118.042,audio_features,75G6zxISPyxlvJerKubyyx,spotify:track:75G6zxISPyxlvJerKubyyx,https://api.spotify.com/v1/tracks/75G6zxISPyxlvJerKubyyx,https://api.spotify.com/v1/audio-analysis/75G6zxISPyxlvJerKubyyx,181920.0,4.0,Ein bisschen Frieden,1982, Germany,Nicole,German,1,161
16,0.725,0.573,6.0,-8.619,1.0,0.025,0.439,0.000822,0.159,0.726,106.339,audio_features,1FndLKa7Gs9S8WKVZuq4RL,spotify:track:1FndLKa7Gs9S8WKVZuq4RL,https://api.spotify.com/v1/tracks/1FndLKa7Gs9S8WKVZuq4RL,https://api.spotify.com/v1/audio-analysis/1FndLKa7Gs9S8WKVZuq4RL,178227.0,4.0,Framling,1983, Sweden,Carola,Swedish,3,126
17,0.58,0.784,0.0,-9.568,1.0,0.0407,0.406,0.00225,0.0764,0.973,169.97799999999998,audio_features,5UAhBZtfdgccV3nQGfyyWy,spotify:track:5UAhBZtfdgccV3nQGfyyWy,https://api.spotify.com/v1/tracks/5UAhBZtfdgccV3nQGfyyWy,https://api.spotify.com/v1/audio-analysis/5UAhBZtfdgccV3nQGfyyWy,181627.0,4.0,Dzuli ,1983, Yugoslavia,Daniel,Montenegrin,4,125
18,0.496,0.623,7.0,-5.664,1.0,0.0354,0.0875,0.0,0.32899999999999996,0.529,155.755,audio_features,2cfPajlY9Uj5kb0A99URGs,spotify:track:2cfPajlY9Uj5kb0A99URGs,https://api.spotify.com/v1/tracks/2cfPajlY9Uj5kb0A99URGs,https://api.spotify.com/v1/audio-analysis/2cfPajlY9Uj5kb0A99URGs,194067.0,4.0,Rucksicht,1983, Germany,Hoffmann  Hoffmann,German,5,94
19,0.6809999999999999,0.8759999999999999,5.0,-4.104,1.0,0.0319,0.268,9.96e-06,0.131,0.961,130.89,audio_features,4NzirQ4BrNkVaPEla2ipG4,spotify:track:4NzirQ4BrNkVaPEla2ipG4,https://api.spotify.com/v1/tracks/4NzirQ4BrNkVaPEla2ipG4,https://api.spotify.com/v1/audio-analysis/4NzirQ4BrNkVaPEla2ipG4,187520.0,4.0,Diggiloo diggiley,1984, Sweden,Herreys,Swedish,1,145
20,0.6679999999999999,0.716,2.0,-8.898,1.0,0.0344,0.154,1.62e-05,0.669,0.606,130.815,audio_features,3K0rUw4z0khdNg4MiSIHB4,spotify:track:3K0rUw4z0khdNg4MiSIHB4,https://api.spotify.com/v1/tracks/3K0rUw4z0khdNg4MiSIHB4,https://api.spotify.com/v1/audio-analysis/3K0rUw4z0khdNg4MiSIHB4,208053.0,4.0,Lady Lady,1984, Spain,Bravo,Spanish,3,106
21,0.45799999999999996,0.478,9.0,-10.783,1.0,0.0328,0.381,9.42e-06,0.0912,0.649,168.5,audio_features,2s0NUFo02OS4aOMBmjczQg,spotify:track:2s0NUFo02OS4aOMBmjczQg,https://api.spotify.com/v1/tracks/2s0NUFo02OS4aOMBmjczQg,https://api.spotify.com/v1/audio-analysis/2s0NUFo02OS4aOMBmjczQg,173387.0,4.0,Avanti la vie,1984, Belgium,Jacques Zegers,French,5,70
22,0.626,0.9640000000000001,1.0,-6.176,0.0,0.0623,0.0184,0.0096,0.258,0.846,144.014,audio_features,7t6evnQEbNuDj7O5CtB0IY,spotify:track:7t6evnQEbNuDj7O5CtB0IY,https://api.spotify.com/v1/tracks/7t6evnQEbNuDj7O5CtB0IY,https://api.spotify.com/v1/audio-analysis/7t6evnQEbNuDj7O5CtB0IY,350000.0,4.0,Terminal ,1984, Ireland,Linda Martin,English,2,137
23,0.486,0.777,1.0,-7.3,1.0,0.0578,0.772,0.0,0.9570000000000001,0.6920000000000001,91.67,audio_features,68r1sfJbUqNsAxZ3qu6jdI,spotify:track:68r1sfJbUqNsAxZ3qu6jdI,https://api.spotify.com/v1/tracks/68r1sfJbUqNsAxZ3qu6jdI,https://api.spotify.com/v1/audio-analysis/68r1sfJbUqNsAxZ3qu6jdI,200447.0,4.0,Fur alle,1985, Germany,Wind,German,2,105
24,0.503,0.905,6.0,-6.06,1.0,0.087,0.33399999999999996,0.0,0.19,0.512,138.157,audio_features,3IgpWvgCqZjqhsiKwzw1Q7,spotify:track:3IgpWvgCqZjqhsiKwzw1Q7,https://api.spotify.com/v1/tracks/3IgpWvgCqZjqhsiKwzw1Q7,https://api.spotify.com/v1/audio-analysis/3IgpWvgCqZjqhsiKwzw1Q7,173960.0,4.0,La det swinge,1985, Norway,Bobbysocks,Norwegian,1,123
25,0.15,0.9790000000000001,10.0,-8.73,0.0,0.106,0.027999999999999997,0.0,0.0751,0.0329,136.366,audio_features,4GPT39ZGgVQm6tJJTG0wdy,spotify:track:4GPT39ZGgVQm6tJJTG0wdy,https://api.spotify.com/v1/tracks/4GPT39ZGgVQm6tJJTG0wdy,https://api.spotify.com/v1/audio-analysis/4GPT39ZGgVQm6tJJTG0wdy,196000.0,5.0,Love Is,1985, United Kingdom,Vikki,English,4,100
26,0.529,0.637,0.0,-6.356,1.0,0.0368,0.49,0.0,0.105,0.795,191.4,audio_features,0NOLQCkOO2wgEaUR5y1ahK,spotify:track:0NOLQCkOO2wgEaUR5y1ahK,https://api.spotify.com/v1/tracks/0NOLQCkOO2wgEaUR5y1ahK,https://api.spotify.com/v1/audio-analysis/0NOLQCkOO2wgEaUR5y1ahK,186493.0,4.0,Bra vibrationer,1985, Sweden,Kikki Danielsson,Swedish,3,103
27,0.423,0.672,7.0,-9.285,0.0,0.0376,0.8079999999999999,0.000938,0.243,0.7509999999999999,167.169,audio_features,7yipL2ExEHgodu2hZ8fKbc,spotify:track:7yipL2ExEHgodu2hZ8fKbc,https://api.spotify.com/v1/tracks/7yipL2ExEHgodu2hZ8fKbc,https://api.spotify.com/v1/audio-analysis/7yipL2ExEHgodu2hZ8fKbc,161256.0,4.0,Pas pour moi,1986,  Switzerland,Daniela Simmons,French,2,140
28,0.594,0.8109999999999999,2.0,-5.9110000000000005,1.0,0.0319,0.284,0.0,0.0998,0.6679999999999999,139.112,audio_features,5opXus6JIe9UD94Qk24RYB,spotify:track:5opXus6JIe9UD94Qk24RYB,https://api.spotify.com/v1/tracks/5opXus6JIe9UD94Qk24RYB,https://api.spotify.com/v1/audio-analysis/5opXus6JIe9UD94Qk24RYB,184088.0,4.0,Jaime la vie,1986, Belgium,Sandra Kim,French,1,176
29,0.467,0.34299999999999997,4.0,-10.454,1.0,0.0341,0.48700000000000004,0.0,0.11900000000000001,0.385,173.643,audio_features,2ZOr703f7ckBgXRNaFLUex,spotify:track:2ZOr703f7ckBgXRNaFLUex,https://api.spotify.com/v1/tracks/2ZOr703f7ckBgXRNaFLUex,https://api.spotify.com/v1/audio-analysis/2ZOr703f7ckBgXRNaFLUex,238040.0,3.0,Gente di mare,1987, Italy,Umberto Tozzi  Raf,Italian,3,103
30,0.657,0.619,10.0,-8.695,1.0,0.0275,0.136,0.0,0.14800000000000002,0.493,129.98,audio_features,701i5AAZkiKjTFJFl4rkgq,spotify:track:701i5AAZkiKjTFJFl4rkgq,https://api.spotify.com/v1/tracks/701i5AAZkiKjTFJFl4rkgq,https://api.spotify.com/v1/audio-analysis/701i5AAZkiKjTFJFl4rkgq,184440.0,4.0,Rechtop in de wind,1987, Netherlands,Marcha,Dutch,5,83
31,0.465,0.445,9.0,-8.969,1.0,0.462,0.55,0.0,0.9620000000000001,0.43700000000000006,191.743,audio_features,1iHxN6pNaC8XJWQIwXO3Z2,spotify:track:1iHxN6pNaC8XJWQIwXO3Z2,https://api.spotify.com/v1/tracks/1iHxN6pNaC8XJWQIwXO3Z2,https://api.spotify.com/v1/audio-analysis/1iHxN6pNaC8XJWQIwXO3Z2,340147.0,3.0,Lass die Sonne in dein Herz,1987, Germany,Wind ,German,2,141
32,0.517,0.27699999999999997,5.0,-12.892000000000001,1.0,0.0353,0.716,0.0,0.578,0.281,74.839,audio_features,482pOo6IOI0qNNHxkQFEDn,spotify:track:482pOo6IOI0qNNHxkQFEDn,https://api.spotify.com/v1/tracks/482pOo6IOI0qNNHxkQFEDn,https://api.spotify.com/v1/audio-analysis/482pOo6IOI0qNNHxkQFEDn,173813.0,4.0,Hold Me Now,1987, Ireland,Johnny Logan ,English,1,172
33,0.732,0.8640000000000001,7.0,-7.356,1.0,0.042,0.302,0.0,0.364,0.985,144.906,audio_features,5DgmemtjCB3OHNDlJENgtu,spotify:track:5DgmemtjCB3OHNDlJENgtu,https://api.spotify.com/v1/tracks/5DgmemtjCB3OHNDlJENgtu,https://api.spotify.com/v1/audio-analysis/5DgmemtjCB3OHNDlJENgtu,145667.0,4.0,Ja sam za ples,1987, Yugoslavia,Novi fosili,Croatian,4,92
34,0.491,0.657,5.0,-5.757999999999999,1.0,0.0275,0.225,0.0,0.361,0.322,144.279,audio_features,0Kv4i96E41jbULmUajBYOe,spotify:track:0Kv4i96E41jbULmUajBYOe,https://api.spotify.com/v1/tracks/0Kv4i96E41jbULmUajBYOe,https://api.spotify.com/v1/audio-analysis/0Kv4i96E41jbULmUajBYOe,186240.0,4.0,Ne partez pas sans moi,1988,  Switzerland,Celine Dion,French,1,137
35,0.613,0.368,9.0,-13.440999999999999,1.0,0.0294,0.623,0.0,0.084,0.386,140.005,audio_features,6GyfAKisndo4YbOZ9K2NmB,spotify:track:6GyfAKisndo4YbOZ9K2NmB,https://api.spotify.com/v1/tracks/6GyfAKisndo4YbOZ9K2NmB,https://api.spotify.com/v1/audio-analysis/6GyfAKisndo4YbOZ9K2NmB,184007.0,4.0,For var jord,1988, Norway,Karoline Kruger,Norwegian,5,88
36,0.5660000000000001,0.26899999999999996,6.0,-11.009,1.0,0.0254,0.732,5.31e-05,0.102,0.11900000000000001,88.662,audio_features,6Z7iy3XD0BF5TwnFnqpH9R,spotify:track:6Z7iy3XD0BF5TwnFnqpH9R,https://api.spotify.com/v1/tracks/6Z7iy3XD0BF5TwnFnqpH9R,https://api.spotify.com/v1/audio-analysis/6Z7iy3XD0BF5TwnFnqpH9R,164880.0,3.0,Croire,1988, Luxembourg,Lara Fabian,French,4,90
37,0.594,0.871,5.0,-3.5069999999999997,1.0,0.0403,0.486,0.0,0.34299999999999997,0.7609999999999999,92.402,audio_features,5R7qlPnCh9qVEtNaHIyPvh,spotify:track:5R7qlPnCh9qVEtNaHIyPvh,https://api.spotify.com/v1/tracks/5R7qlPnCh9qVEtNaHIyPvh,https://api.spotify.com/v1/audio-analysis/5R7qlPnCh9qVEtNaHIyPvh,176333.0,4.0,Vi maler byen rod,1989, Denmark,Birthe Kjaer,Danish,3,111
38,0.578,0.9159999999999999,3.0,-5.767,1.0,0.0443,0.18100000000000002,2.99e-05,0.127,0.941,149.05,audio_features,2WXogQGOO7qo2hlHyzpwhg,spotify:track:2WXogQGOO7qo2hlHyzpwhg,https://api.spotify.com/v1/tracks/2WXogQGOO7qo2hlHyzpwhg,https://api.spotify.com/v1/audio-analysis/2WXogQGOO7qo2hlHyzpwhg,163067.0,4.0,Rock Me,1989, Yugoslavia,Riva,Croatian,1,137
39,0.735,0.8170000000000001,1.0,-8.595,1.0,0.036000000000000004,0.0414,5.14e-06,0.8059999999999999,0.799,127.912,audio_features,2rHhKu1hW8uqyr7LSrRn8E,spotify:track:2rHhKu1hW8uqyr7LSrRn8E,https://api.spotify.com/v1/tracks/2rHhKu1hW8uqyr7LSrRn8E,https://api.spotify.com/v1/audio-analysis/2rHhKu1hW8uqyr7LSrRn8E,182867.0,4.0,Bandido,1990, Spain,Azucar Moreno,Spanish English,5,96
40,0.609,0.623,5.0,-12.280999999999999,1.0,0.0299,0.195,4.07e-05,0.371,0.867,148.236,audio_features,60RuosVixhawXh4M3fDq5y,spotify:track:60RuosVixhawXh4M3fDq5y,https://api.spotify.com/v1/tracks/60RuosVixhawXh4M3fDq5y,https://api.spotify.com/v1/audio-analysis/60RuosVixhawXh4M3fDq5y,174986.0,4.0,Eitt lag enn,1990, Iceland,Stjornin,Icelandic,4,124
41,0.5710000000000001,0.8540000000000001,4.0,-11.857000000000001,1.0,0.0509,0.262,0.00264,0.42200000000000004,0.679,195.02900000000002,audio_features,3HhfRcXBX92mnDzXwKt7Bg,spotify:track:3HhfRcXBX92mnDzXwKt7Bg,https://api.spotify.com/v1/tracks/3HhfRcXBX92mnDzXwKt7Bg,https://api.spotify.com/v1/audio-analysis/3HhfRcXBX92mnDzXwKt7Bg,180667.0,3.0,White and Black Blues,1990, France,Joelle Ursull,French,2,132
42,0.643,0.5329999999999999,0.0,-9.658999999999999,1.0,0.0262,0.28300000000000003,0.0,0.11,0.48700000000000004,91.969,audio_features,4Jqlci3vs1lexDU8BfCaho,spotify:track:4Jqlci3vs1lexDU8BfCaho,https://api.spotify.com/v1/tracks/4Jqlci3vs1lexDU8BfCaho,https://api.spotify.com/v1/audio-analysis/4Jqlci3vs1lexDU8BfCaho,193040.0,4.0,Somewhere in Europe,1990, Ireland,Liam Reilly,English,3,132
43,0.7879999999999999,0.708,10.0,-6.124,1.0,0.0283,0.084,0.0,0.12,0.516,100.149,audio_features,44noNMO0iv87Tds7dwcpQU,spotify:track:44noNMO0iv87Tds7dwcpQU,https://api.spotify.com/v1/tracks/44noNMO0iv87Tds7dwcpQU,https://api.spotify.com/v1/audio-analysis/44noNMO0iv87Tds7dwcpQU,263903.0,4.0,Insieme ,1990, Italy,Toto Cutugno,Italian English,1,149
44,0.6459999999999999,0.828,8.0,-8.342,1.0,0.038,0.589,0.0,0.0613,0.539,93.185,audio_features,1ynNSYxc0RkdSLsKGcuODE,spotify:track:1ynNSYxc0RkdSLsKGcuODE,https://api.spotify.com/v1/tracks/1ynNSYxc0RkdSLsKGcuODE,https://api.spotify.com/v1/audio-analysis/1ynNSYxc0RkdSLsKGcuODE,181227.0,4.0,Fangad av en stormvind,1991, Sweden,Carola ,Swedish,1,146
45,0.5579999999999999,0.512,0.0,-8.392000000000001,1.0,0.0295,0.13,0.0007030000000000001,0.0752,0.433,139.92700000000002,audio_features,7glOpcmwz8zv2nbsLcvFrs,spotify:track:7glOpcmwz8zv2nbsLcvFrs,https://api.spotify.com/v1/tracks/7glOpcmwz8zv2nbsLcvFrs,https://api.spotify.com/v1/audio-analysis/7glOpcmwz8zv2nbsLcvFrs,282827.0,4.0,Bailar pegados,1991, Spain,Sergio Dalma,Spanish,4,119
46,0.518,0.5660000000000001,4.0,-5.795,1.0,0.0261,0.64,0.0,0.29600000000000004,0.389,76.92,audio_features,6jQ1TWGhShk7oMrvBOL173,spotify:track:6jQ1TWGhShk7oMrvBOL173,https://api.spotify.com/v1/tracks/6jQ1TWGhShk7oMrvBOL173,https://api.spotify.com/v1/audio-analysis/6jQ1TWGhShk7oMrvBOL173,188093.0,4.0,Little Child,1992, Malta,Mary Spiteri,English,3,123
47,0.514,0.777,4.0,-8.068999999999999,1.0,0.0592,0.365,0.0,0.976,0.893,154.04,audio_features,4FoEAvxkTIvfaoiskyqFfO,spotify:track:4FoEAvxkTIvfaoiskyqFfO,https://api.spotify.com/v1/tracks/4FoEAvxkTIvfaoiskyqFfO,https://api.spotify.com/v1/audio-analysis/4FoEAvxkTIvfaoiskyqFfO,149583.0,4.0,One Step Out of Time,1992, United Kingdom,Michael Ball,English,2,139
48,0.625,0.9159999999999999,10.0,-4.868,1.0,0.0716,0.00425,0.008870000000000001,0.214,0.83,140.013,audio_features,5l3bPBbYipF4HLbvPCQl16,spotify:track:5l3bPBbYipF4HLbvPCQl16,https://api.spotify.com/v1/tracks/5l3bPBbYipF4HLbvPCQl16,https://api.spotify.com/v1/audio-analysis/5l3bPBbYipF4HLbvPCQl16,350571.0,4.0,Why Me,1992, Ireland,Linda Martin ,English,1,155
49,0.353,0.532,1.0,-10.218,0.0,0.0395,0.33899999999999997,0.0,0.156,0.509,130.645,audio_features,7LBBL20GLOtjBJwxgVmzPK,spotify:track:7LBBL20GLOtjBJwxgVmzPK,https://api.spotify.com/v1/tracks/7LBBL20GLOtjBJwxgVmzPK,https://api.spotify.com/v1/audio-analysis/7LBBL20GLOtjBJwxgVmzPK,189133.0,4.0,In Your Eyes,1993, Ireland,Niamh Kavanagh,English,1,187
50,0.542,0.233,5.0,-14.687999999999999,0.0,0.0303,0.792,0.00011499999999999999,0.11900000000000001,0.215,110.449,audio_features,2vjWIL15xP9nkUOPlyoFbn,spotify:track:2vjWIL15xP9nkUOPlyoFbn,https://api.spotify.com/v1/tracks/2vjWIL15xP9nkUOPlyoFbn,https://api.spotify.com/v1/audio-analysis/2vjWIL15xP9nkUOPlyoFbn,246152.0,4.0,Alle mine tankar,1993, Norway,Silje Vige,Norwegian,5,120
51,0.7140000000000001,0.261,4.0,-17.586,1.0,0.0339,0.852,4e-05,0.08900000000000001,0.491,123.63,audio_features,4qVX2nHuFlVNp6AOVrDBGb,spotify:track:4qVX2nHuFlVNp6AOVrDBGb,https://api.spotify.com/v1/tracks/4qVX2nHuFlVNp6AOVrDBGb,https://api.spotify.com/v1/audio-analysis/4qVX2nHuFlVNp6AOVrDBGb,206360.0,4.0,Rock n Roll Kids,1994, Ireland,Paul Harrington  Charlie McGettigan,English,1,226
52,0.461,0.397,8.0,-14.464,1.0,0.0303,0.38799999999999996,4e-06,0.107,0.244,99.664,audio_features,1ZizKzFJ5DM5ZifOHr2RHr,spotify:track:1ZizKzFJ5DM5ZifOHr2RHr,https://api.spotify.com/v1/tracks/1ZizKzFJ5DM5ZifOHr2RHr,https://api.spotify.com/v1/audio-analysis/1ZizKzFJ5DM5ZifOHr2RHr,190827.0,4.0,More Than Love,1994, Malta,Chris  Moira,English,5,97
53,0.415,0.39299999999999996,2.0,-7.08,1.0,0.0254,0.8540000000000001,0.000164,0.128,0.316,109.49700000000001,audio_features,534ZJF6MhjiCQ3zOw8x4Mx,spotify:track:534ZJF6MhjiCQ3zOw8x4Mx,https://api.spotify.com/v1/tracks/534ZJF6MhjiCQ3zOw8x4Mx,https://api.spotify.com/v1/audio-analysis/534ZJF6MhjiCQ3zOw8x4Mx,200124.0,4.0,Kinek mondjam el vetkeimet,1994, Hungary,Friderika,Hungarian,4,122
54,0.20600000000000002,0.348,7.0,-7.4079999999999995,0.0,0.0286,0.633,0.0,0.185,0.168,82.544,audio_features,463Kekviz3v9daHo9cGVGO,spotify:track:463Kekviz3v9daHo9cGVGO,https://api.spotify.com/v1/tracks/463Kekviz3v9daHo9cGVGO,https://api.spotify.com/v1/audio-analysis/463Kekviz3v9daHo9cGVGO,224800.0,3.0,Nocturne,1995, Norway,Secret Garden,Norwegian,1,148
55,0.703,0.3,5.0,-14.790999999999999,0.0,0.0362,0.465,0.0,0.17300000000000001,0.43700000000000006,105.954,audio_features,1oVihSjSmKTVAdaR9f97rD,spotify:track:1oVihSjSmKTVAdaR9f97rD,https://api.spotify.com/v1/tracks/1oVihSjSmKTVAdaR9f97rD,https://api.spotify.com/v1/audio-analysis/1oVihSjSmKTVAdaR9f97rD,190827.0,4.0,Vuelve conmigo,1995, Spain,Anabel Conde,Spanish,2,119
56,0.574,0.672,4.0,-10.498,1.0,0.0492,0.754,0.0,0.623,0.591,133.46200000000002,audio_features,0MxQRTrDRRi4Xysz4FOIps,spotify:track:0MxQRTrDRRi4Xysz4FOIps,https://api.spotify.com/v1/tracks/0MxQRTrDRRi4Xysz4FOIps,https://api.spotify.com/v1/audio-analysis/0MxQRTrDRRi4Xysz4FOIps,195667.0,4.0,Se pa mig,1995, Sweden,Jan Johansen,Swedish,3,100
57,0.44,0.565,0.0,-7.364,1.0,0.0396,0.261,0.0,0.127,0.38799999999999996,154.02200000000002,audio_features,1NkOUuBgDdGuu93VmE33qY,spotify:track:1NkOUuBgDdGuu93VmE33qY,https://api.spotify.com/v1/tracks/1NkOUuBgDdGuu93VmE33qY,https://api.spotify.com/v1/audio-analysis/1NkOUuBgDdGuu93VmE33qY,179307.0,3.0,Sveta ljubav,1996, Croatia,Maja Blagdan,Croatian,4,98
58,0.452,0.36,9.0,-14.252,0.0,0.035,0.867,0.0804,0.125,0.22899999999999998,93.993,audio_features,6SA7BxY6zh5SaxUBp3tCtb,spotify:track:6SA7BxY6zh5SaxUBp3tCtb,https://api.spotify.com/v1/tracks/6SA7BxY6zh5SaxUBp3tCtb,https://api.spotify.com/v1/audio-analysis/6SA7BxY6zh5SaxUBp3tCtb,185827.0,3.0,The Voice,1996, Ireland,Eimear Quinn,English,1,162
59,0.377,0.43799999999999994,0.0,-9.703,1.0,0.0283,0.785,0.0,0.111,0.14,80.686,audio_features,0TYwFP4MxszHAXAJMYhi3E,spotify:track:0TYwFP4MxszHAXAJMYhi3E,https://api.spotify.com/v1/tracks/0TYwFP4MxszHAXAJMYhi3E,https://api.spotify.com/v1/audio-analysis/0TYwFP4MxszHAXAJMYhi3E,189800.0,3.0,Den vilda,1996, Sweden,One More Time,Swedish,3,100
60,0.532,0.7509999999999999,4.0,-7.242000000000001,0.0,0.0458,0.461,0.0,0.0827,0.737,179.98,audio_features,5ZS9fcqcYtfL80rj1bf7Lb,spotify:track:5ZS9fcqcYtfL80rj1bf7Lb,https://api.spotify.com/v1/tracks/5ZS9fcqcYtfL80rj1bf7Lb,https://api.spotify.com/v1/audio-analysis/5ZS9fcqcYtfL80rj1bf7Lb,231733.0,4.0,Fiumi di parole,1997, Italy,Jalisse,Italian,4,114
61,0.575,0.7290000000000001,0.0,-6.712999999999999,1.0,0.0633,0.7090000000000001,0.0,0.079,0.473,84.01700000000001,audio_features,4Qo7nycfnXocMZTZomkdIQ,spotify:track:4Qo7nycfnXocMZTZomkdIQ,https://api.spotify.com/v1/tracks/4Qo7nycfnXocMZTZomkdIQ,https://api.spotify.com/v1/audio-analysis/4Qo7nycfnXocMZTZomkdIQ,173000.0,4.0,Love Shine a Light,1997, United Kingdom,Katrina  The Waves,English,1,227
62,0.527,0.469,8.0,-6.87,1.0,0.0314,0.6759999999999999,0.0,0.0875,0.324,121.62799999999999,audio_features,3Kdmpj7YZnWNuZ1zS3o1m3,spotify:track:3Kdmpj7YZnWNuZ1zS3o1m3,https://api.spotify.com/v1/tracks/3Kdmpj7YZnWNuZ1zS3o1m3,https://api.spotify.com/v1/audio-analysis/3Kdmpj7YZnWNuZ1zS3o1m3,177667.0,4.0,Neka mi ne svane,1998, Croatia,Danijela,Croatian,5,131
63,0.56,0.9570000000000001,4.0,-3.6010000000000004,0.0,0.0411,0.196,1.1e-06,0.513,0.736,134.015,audio_features,5g4rGXAdV7dYKGPmrUQ3ge,spotify:track:5g4rGXAdV7dYKGPmrUQ3ge,https://api.spotify.com/v1/tracks/5g4rGXAdV7dYKGPmrUQ3ge,https://api.spotify.com/v1/audio-analysis/5g4rGXAdV7dYKGPmrUQ3ge,181520.0,4.0,Diva ,1998, Israel,Dana International,Hebrew,1,172
64,0.5479999999999999,0.406,11.0,-6.567,1.0,0.0256,0.564,0.000164,0.0712,0.165,101.839,audio_features,3s1GSTcK3WAVbQhpVVziKN,spotify:track:3s1GSTcK3WAVbQhpVVziKN,https://api.spotify.com/v1/tracks/3s1GSTcK3WAVbQhpVVziKN,https://api.spotify.com/v1/audio-analysis/3s1GSTcK3WAVbQhpVVziKN,185147.0,4.0,The One That I Love,1998, Malta,Chiara,English,3,165
65,0.602,0.9179999999999999,11.0,-4.288,0.0,0.0574,0.0895,0.0,0.35200000000000004,0.6890000000000001,95.025,audio_features,72S2rO2cq01ypaoOMITqCc,spotify:track:72S2rO2cq01ypaoOMITqCc,https://api.spotify.com/v1/tracks/72S2rO2cq01ypaoOMITqCc,https://api.spotify.com/v1/audio-analysis/72S2rO2cq01ypaoOMITqCc,180440.0,4.0,Hemel en aarde,1998, Netherlands,Edsilia Rombley,Dutch,4,151
66,0.586,0.873,9.0,-8.356,1.0,0.0386,0.0376,0.0,0.28,0.8440000000000001,131.814,audio_features,58uGV2ng8QAeFznChuSJkv,spotify:track:58uGV2ng8QAeFznChuSJkv,https://api.spotify.com/v1/tracks/58uGV2ng8QAeFznChuSJkv,https://api.spotify.com/v1/audio-analysis/58uGV2ng8QAeFznChuSJkv,206007.0,4.0,All Out of Luck,1999, Iceland,Selma,English,2,146
67,0.6509999999999999,0.904,1.0,-4.103,1.0,0.0383,0.0249,0.000103,0.184,0.966,105.085,audio_features,6Tf3FCVDL3qDM7IiBjUZh6,spotify:track:6Tf3FCVDL3qDM7IiBjUZh6,https://api.spotify.com/v1/tracks/6Tf3FCVDL3qDM7IiBjUZh6,https://api.spotify.com/v1/audio-analysis/6Tf3FCVDL3qDM7IiBjUZh6,178233.0,4.0,Solo,2000, Russia,Alsou,English,2,155
68,0.69,0.82,2.0,-8.74,1.0,0.0367,0.358,2.2800000000000002e-05,0.0671,0.8270000000000001,103.994,audio_features,5QbZ2liHjmV27XMmRoEquv,spotify:track:5QbZ2liHjmV27XMmRoEquv,https://api.spotify.com/v1/tracks/5QbZ2liHjmV27XMmRoEquv,https://api.spotify.com/v1/audio-analysis/5QbZ2liHjmV27XMmRoEquv,197619.0,4.0,Fly on the Wings of Love,2000, Denmark,Olsen Brothers,English,1,195
69,0.547,0.84,5.0,-6.98,1.0,0.0389,0.0934,6.74e-05,0.16,0.619,135.25799999999998,audio_features,4R2tCloerHegAfPWjR3o7d,spotify:track:4R2tCloerHegAfPWjR3o7d,https://api.spotify.com/v1/tracks/4R2tCloerHegAfPWjR3o7d,https://api.spotify.com/v1/audio-analysis/4R2tCloerHegAfPWjR3o7d,186018.0,4.0,My Star,2000, Latvia,Brainstorm,English,3,136
70,0.601,0.8640000000000001,1.0,-2.635,0.0,0.0383,0.0608,0.0,0.243,0.561,136.961,audio_features,4W7sgrHikz4hbndXFQJzBu,spotify:track:4W7sgrHikz4hbndXFQJzBu,https://api.spotify.com/v1/tracks/4W7sgrHikz4hbndXFQJzBu,https://api.spotify.com/v1/audio-analysis/4W7sgrHikz4hbndXFQJzBu,187093.0,4.0,Listen to Your Heartbeat,2001, Sweden,Friends,English,5,100
71,0.5720000000000001,0.95,11.0,-3.784,0.0,0.042,0.059000000000000004,0.000225,0.195,0.7979999999999999,124.01700000000001,audio_features,2byZAXWOqDx3w8suK3btui,spotify:track:2byZAXWOqDx3w8suK3btui,https://api.spotify.com/v1/tracks/2byZAXWOqDx3w8suK3btui,https://api.spotify.com/v1/audio-analysis/2byZAXWOqDx3w8suK3btui,177213.0,4.0,I Would Die for You,2001, Greece,Antique,GreekEnglish,3,147
72,0.727,0.8590000000000001,10.0,-6.678,1.0,0.0508,0.0526,0.0,0.0714,0.5539999999999999,108.04,audio_features,7mx6IZujrnfHLBmqcIOxIe,spotify:track:7mx6IZujrnfHLBmqcIOxIe,https://api.spotify.com/v1/tracks/7mx6IZujrnfHLBmqcIOxIe,https://api.spotify.com/v1/audio-analysis/7mx6IZujrnfHLBmqcIOxIe,181333.0,4.0,Never Ever Let You Go,2001, Denmark,Rollo  King,English,2,177
73,0.695,0.878,6.0,-4.378,1.0,0.0307,0.0552,1.53e-05,0.32899999999999996,0.97,128.013,audio_features,7uSeUTnMWH7CgEyl2rNtMC,spotify:track:7uSeUTnMWH7CgEyl2rNtMC,https://api.spotify.com/v1/tracks/7uSeUTnMWH7CgEyl2rNtMC,https://api.spotify.com/v1/audio-analysis/7uSeUTnMWH7CgEyl2rNtMC,172667.0,4.0,Runaway,2002, Estonia,Sahlene,English,4,111
74,0.669,0.8140000000000001,7.0,-6.468999999999999,1.0,0.0496,0.0243,9.290000000000001e-05,0.214,0.899,144.043,audio_features,70tFqMdkFXCPeirRaLAKKM,spotify:track:70tFqMdkFXCPeirRaLAKKM,https://api.spotify.com/v1/tracks/70tFqMdkFXCPeirRaLAKKM,https://api.spotify.com/v1/audio-analysis/70tFqMdkFXCPeirRaLAKKM,181023.0,4.0,I Wanna,2002, Latvia,Marie N,English,1,176
75,0.799,0.741,4.0,-7.341,0.0,0.207,0.0569,0.00146,0.342,0.5870000000000001,95.02,audio_features,6eSegCmgoWltb2VKsXmLOa,spotify:track:6eSegCmgoWltb2VKsXmLOa,https://api.spotify.com/v1/tracks/6eSegCmgoWltb2VKsXmLOa,https://api.spotify.com/v1/audio-analysis/6eSegCmgoWltb2VKsXmLOa,181627.0,4.0,Everyway That I Can,2003, Turkey,Sertab Erener,English,1,167
76,0.5589999999999999,0.792,7.0,-6.082999999999999,0.0,0.0304,0.2,0.0,0.141,0.644,85.00399999999999,audio_features,3z6rnKobVgVCYIDy43MU7z,spotify:track:3z6rnKobVgVCYIDy43MU7z,https://api.spotify.com/v1/tracks/3z6rnKobVgVCYIDy43MU7z,https://api.spotify.com/v1/audio-analysis/3z6rnKobVgVCYIDy43MU7z,247933.0,4.0,Sanomi,2003, Belgium,Urban Trad,Imaginary,2,165
77,0.563,0.9329999999999999,2.0,-3.613,1.0,0.0625,0.0281,0.0,0.128,0.579,132.012,audio_features,1KMl8EuoBAXKEmQT3PtNGQ,spotify:track:1KMl8EuoBAXKEmQT3PtNGQ,https://api.spotify.com/v1/tracks/1KMl8EuoBAXKEmQT3PtNGQ,https://api.spotify.com/v1/audio-analysis/1KMl8EuoBAXKEmQT3PtNGQ,181853.0,4.0,Give Me Your Love,2003, Sweden,Fame,English,5,107
78,0.733,0.919,9.0,-4.69,0.0,0.0461,0.0347,0.000308,0.0924,0.6579999999999999,113.009,audio_features,2xagoLNhrbVA2fpOkxs2Ze,spotify:track:2xagoLNhrbVA2fpOkxs2Ze,https://api.spotify.com/v1/tracks/2xagoLNhrbVA2fpOkxs2Ze,https://api.spotify.com/v1/audio-analysis/2xagoLNhrbVA2fpOkxs2Ze,180587.0,4.0,Shake It,2004, Greece,Sakis Rouvas,English,3,252
79,0.872,0.865,0.0,-5.257000000000001,0.0,0.0807,0.305,7.53e-05,0.0646,0.963,126.01100000000001,audio_features,1WyKjEjQzTk8wzsfbHU44s,spotify:track:1WyKjEjQzTk8wzsfbHU44s,https://api.spotify.com/v1/tracks/1WyKjEjQzTk8wzsfbHU44s,https://api.spotify.com/v1/audio-analysis/1WyKjEjQzTk8wzsfbHU44s,192013.0,4.0,For Real,2004, Turkey,Athena,English,4,195
80,0.685,0.946,11.0,-4.075,1.0,0.0283,0.0066,2.7399999999999995e-05,0.0728,0.754,127.008,audio_features,6GsfMZzKZaUXlhDkZRuLe9,spotify:track:6GsfMZzKZaUXlhDkZRuLe9,https://api.spotify.com/v1/tracks/6GsfMZzKZaUXlhDkZRuLe9,https://api.spotify.com/v1/audio-analysis/6GsfMZzKZaUXlhDkZRuLe9,182600.0,4.0,It Hurts,2004, Sweden,Lena Philipsson,English,5,170
81,0.7509999999999999,0.528,0.0,-6.122000000000001,1.0,0.0258,0.38299999999999995,0.0,0.154,0.37200000000000005,104.995,audio_features,08kylRNWYKmZzVtXJAnipO,spotify:track:08kylRNWYKmZzVtXJAnipO,https://api.spotify.com/v1/tracks/08kylRNWYKmZzVtXJAnipO,https://api.spotify.com/v1/audio-analysis/08kylRNWYKmZzVtXJAnipO,176440.0,4.0,The War Is Not Over,2005, Latvia,Walters  Kazha,English Sign language,5,153
82,0.42200000000000004,0.18100000000000002,1.0,-8.677999999999999,1.0,0.0323,0.95,0.0,0.10400000000000001,0.11699999999999999,117.796,audio_features,2I3um1j45dlxb3q3nHKKmx,spotify:track:2I3um1j45dlxb3q3nHKKmx,https://api.spotify.com/v1/tracks/2I3um1j45dlxb3q3nHKKmx,https://api.spotify.com/v1/audio-analysis/2I3um1j45dlxb3q3nHKKmx,261871.0,3.0,Angel,2005, Malta,Chiara ,English,2,192
83,0.42200000000000004,0.18100000000000002,1.0,-8.677999999999999,1.0,0.0323,0.95,0.0,0.10400000000000001,0.11699999999999999,117.796,audio_features,2I3um1j45dlxb3q3nHKKmx,spotify:track:2I3um1j45dlxb3q3nHKKmx,https://api.spotify.com/v1/tracks/2I3um1j45dlxb3q3nHKKmx,https://api.spotify.com/v1/audio-analysis/2I3um1j45dlxb3q3nHKKmx,261871.0,3.0,Angel,2011, Ukraine,Mika Newton,English,4,159
84,0.775,0.7440000000000001,6.0,-5.687,0.0,0.0366,0.19699999999999998,7.99e-05,0.0261,0.963,112.993,audio_features,6LkCvCc9oFoLDv4DLhzTox,spotify:track:6LkCvCc9oFoLDv4DLhzTox,https://api.spotify.com/v1/tracks/6LkCvCc9oFoLDv4DLhzTox,https://api.spotify.com/v1/audio-analysis/6LkCvCc9oFoLDv4DLhzTox,175067.0,4.0,My Number One,2005, Greece,Helena Paparizou,English,1,230
85,0.552,0.945,3.0,-3.863,1.0,0.0527,0.00021600000000000002,0.0166,0.09300000000000001,0.555,123.025,audio_features,3EixrP74QvVXmX5sOP3ul6,spotify:track:3EixrP74QvVXmX5sOP3ul6,https://api.spotify.com/v1/tracks/3EixrP74QvVXmX5sOP3ul6,https://api.spotify.com/v1/audio-analysis/3EixrP74QvVXmX5sOP3ul6,246746.0,4.0,Hard Rock Hallelujah,2006, Finland,Lordi,English,1,292
86,0.529,0.934,6.0,-3.5260000000000002,1.0,0.0451,0.00146,2.3100000000000002e-05,0.0345,0.62,130.982,audio_features,2eGkOAOi972MzM5optdlT7,spotify:track:2eGkOAOi972MzM5optdlT7,https://api.spotify.com/v1/tracks/2eGkOAOi972MzM5optdlT7,https://api.spotify.com/v1/audio-analysis/2eGkOAOi972MzM5optdlT7,180987.0,4.0,Invincible,2006, Sweden,Carola ,English,5,170
87,0.465,0.45899999999999996,6.0,-8.137,0.0,0.0351,0.883,0.000173,0.0692,0.28800000000000003,90.807,audio_features,0xDQnj1CobUOFmVsovknB1,spotify:track:0xDQnj1CobUOFmVsovknB1,https://api.spotify.com/v1/tracks/0xDQnj1CobUOFmVsovknB1,https://api.spotify.com/v1/audio-analysis/0xDQnj1CobUOFmVsovknB1,181440.0,4.0,Lejla,2006, Bosnia and Herzegovina,Hari Mata Hari,Bosnian,3,229
88,0.716,0.9470000000000001,0.0,-2.503,0.0,0.0533,0.00202,8.09e-06,0.337,0.5710000000000001,128.024,audio_features,6UYZElHRYzX5cCnROcG7QX,spotify:track:6UYZElHRYzX5cCnROcG7QX,https://api.spotify.com/v1/tracks/6UYZElHRYzX5cCnROcG7QX,https://api.spotify.com/v1/audio-analysis/6UYZElHRYzX5cCnROcG7QX,200859.0,4.0,Song ,2007, Russia,Serebro,English,3,207
89,0.725,0.9590000000000001,0.0,-5.267,1.0,0.0566,0.005229999999999999,0.0082,0.28300000000000003,0.965,144.031,audio_features,3ve2mVR6BkXuNWfHVoA5yu,spotify:track:3ve2mVR6BkXuNWfHVoA5yu,https://api.spotify.com/v1/tracks/3ve2mVR6BkXuNWfHVoA5yu,https://api.spotify.com/v1/audio-analysis/3ve2mVR6BkXuNWfHVoA5yu,179893.0,4.0,Dancing Lasha Tumbai   ,2007, Ukraine,Verka Serduchka,GermanEnglish,2,235
90,0.684,0.7959999999999999,9.0,-5.425,0.0,0.068,6.59e-05,0.0299,0.126,0.379,127.988,audio_features,11HGVXkQeb543M75hMBnOM,spotify:track:11HGVXkQeb543M75hMBnOM,https://api.spotify.com/v1/tracks/11HGVXkQeb543M75hMBnOM,https://api.spotify.com/v1/audio-analysis/11HGVXkQeb543M75hMBnOM,214000.0,4.0,Qele qele  ,2008, Armenia,Sirusho,EnglishArmenian,4,199
91,0.78,0.7979999999999999,1.0,-4.853,1.0,0.040999999999999995,0.292,1.91e-05,0.11599999999999999,0.905,110.979,audio_features,1E6EOpzAkHbKAMZscImC41,spotify:track:1E6EOpzAkHbKAMZscImC41,https://api.spotify.com/v1/tracks/1E6EOpzAkHbKAMZscImC41,https://api.spotify.com/v1/audio-analysis/1E6EOpzAkHbKAMZscImC41,182587.0,4.0,Secret Combination,2008, Greece,Kalomira,English,3,218
92,0.706,0.6990000000000001,6.0,-12.515,0.0,0.0512,0.0501,1.07e-06,0.0692,0.753,127.95299999999999,audio_features,5devjcsxeVnwYQbaYJ2Ewx,spotify:track:5devjcsxeVnwYQbaYJ2Ewx,https://api.spotify.com/v1/tracks/5devjcsxeVnwYQbaYJ2Ewx,https://api.spotify.com/v1/audio-analysis/5devjcsxeVnwYQbaYJ2Ewx,178880.0,4.0,Shady Lady,2008, Ukraine,Ani Lorak,English,2,230
93,0.747,0.9670000000000001,5.0,-3.6910000000000003,1.0,0.0561,0.133,2.54e-05,0.0831,0.8740000000000001,115.021,audio_features,3SxMoYjub3X3q5hJm9ZPyM,spotify:track:3SxMoYjub3X3q5hJm9ZPyM,https://api.spotify.com/v1/tracks/3SxMoYjub3X3q5hJm9ZPyM,https://api.spotify.com/v1/audio-analysis/3SxMoYjub3X3q5hJm9ZPyM,183438.0,4.0,Dum tek tek,2009, Turkey,Hadise,English,4,177
94,0.473,0.5660000000000001,0.0,-7.023,0.0,0.0278,0.35,0.0,0.0697,0.226,84.0,audio_features,0WVmw3JD2FMQClBH9ZZGbf,spotify:track:0WVmw3JD2FMQClBH9ZZGbf,https://api.spotify.com/v1/tracks/0WVmw3JD2FMQClBH9ZZGbf,https://api.spotify.com/v1/audio-analysis/0WVmw3JD2FMQClBH9ZZGbf,197253.0,4.0,Is It True,2009, Iceland,Yohanna,English,2,218
95,0.5760000000000001,0.785,2.0,-5.359,0.0,0.0295,0.62,4.26e-05,0.233,0.674,107.99600000000001,audio_features,2rzWSywjwzbysCmdOzssFR,spotify:track:2rzWSywjwzbysCmdOzssFR,https://api.spotify.com/v1/tracks/2rzWSywjwzbysCmdOzssFR,https://api.spotify.com/v1/audio-analysis/2rzWSywjwzbysCmdOzssFR,182640.0,4.0,Fairytale,2009, Norway,Alexander Rybak,English,1,387
96,0.659,0.767,6.0,-5.306,1.0,0.0279,0.27699999999999997,0.0,0.0985,0.39299999999999996,95.036,audio_features,0MWW8RAML03zc4gjZqcxmL,spotify:track:0MWW8RAML03zc4gjZqcxmL,https://api.spotify.com/v1/tracks/0MWW8RAML03zc4gjZqcxmL,https://api.spotify.com/v1/audio-analysis/0MWW8RAML03zc4gjZqcxmL,183373.0,4.0,In a Moment Like This,2010, Denmark,Chanee  nevergreen,English,4,149
97,0.46799999999999997,0.657,6.0,-4.338,1.0,0.0295,0.00957,1.0300000000000001e-05,0.0776,0.228,147.965,audio_features,38hIyhovrQzznCiNjnG5LI,spotify:track:38hIyhovrQzznCiNjnG5LI,https://api.spotify.com/v1/tracks/38hIyhovrQzznCiNjnG5LI,https://api.spotify.com/v1/audio-analysis/38hIyhovrQzznCiNjnG5LI,222493.0,3.0,Drip Drop,2010, Azerbaijan,Safura,English,5,145
98,0.883,0.6759999999999999,4.0,-5.48,0.0,0.0888,0.0141,0.0474,0.0711,0.742,127.98100000000001,audio_features,6xikIOSCq3TW79lvVcBwaz,spotify:track:6xikIOSCq3TW79lvVcBwaz,https://api.spotify.com/v1/tracks/6xikIOSCq3TW79lvVcBwaz,https://api.spotify.com/v1/audio-analysis/6xikIOSCq3TW79lvVcBwaz,295251.0,4.0,Playing with Fire,2010, Romania,Paula Seling  Ovi,English,3,162
99,0.557,0.6809999999999999,9.0,-7.065,0.0,0.0266,0.0121,2.8800000000000002e-05,0.138,0.415,111.955,audio_features,19BkfCQ8jcAlb33zf7jzVa,spotify:track:19BkfCQ8jcAlb33zf7jzVa,https://api.spotify.com/v1/tracks/19BkfCQ8jcAlb33zf7jzVa,https://api.spotify.com/v1/audio-analysis/19BkfCQ8jcAlb33zf7jzVa,228310.0,4.0,We Could Be the Same,2010, Turkey,maNga,English,2,170
100,0.68,0.857,11.0,-4.591,0.0,0.23800000000000002,0.204,0.0,0.0414,0.924,94.928,audio_features,2UjNsh4ipNrmog6wdS2JVv,spotify:track:2UjNsh4ipNrmog6wdS2JVv,https://api.spotify.com/v1/tracks/2UjNsh4ipNrmog6wdS2JVv,https://api.spotify.com/v1/audio-analysis/2UjNsh4ipNrmog6wdS2JVv,175507.0,4.0,Satellite,2010, Germany,Lena,English,1,246
101,0.535,0.963,9.0,-4.654,1.0,0.0966,0.000547,0.0,0.0525,0.489,125.01899999999999,audio_features,64WR5TPXZZ2wsWYA3enKfK,spotify:track:64WR5TPXZZ2wsWYA3enKfK,https://api.spotify.com/v1/tracks/64WR5TPXZZ2wsWYA3enKfK,https://api.spotify.com/v1/audio-analysis/64WR5TPXZZ2wsWYA3enKfK,180813.0,4.0,Popular,2011, Sweden,Eric Saade,English,3,185
102,0.496,0.6679999999999999,7.0,-6.276,1.0,0.0293,0.157,0.0,0.102,0.408,146.929,audio_features,0roS9EnPrJlnpdyBtcie8R,spotify:track:0roS9EnPrJlnpdyBtcie8R,https://api.spotify.com/v1/tracks/0roS9EnPrJlnpdyBtcie8R,https://api.spotify.com/v1/audio-analysis/0roS9EnPrJlnpdyBtcie8R,181774.0,4.0,New Tomorrow,2011, Denmark,A Friend in London,English,5,134
103,0.285,0.33,10.0,-5.148,0.0,0.0343,0.7979999999999999,2.42e-05,0.109,0.0933,73.89699999999999,audio_features,1ulbWiFaKvwdLzYOGOS7FC,spotify:track:1ulbWiFaKvwdLzYOGOS7FC,https://api.spotify.com/v1/tracks/1ulbWiFaKvwdLzYOGOS7FC,https://api.spotify.com/v1/audio-analysis/1ulbWiFaKvwdLzYOGOS7FC,254272.0,3.0,Suus,2012, Albania,Rona Nishliu,Albanian,5,146
104,0.562,0.7829999999999999,11.0,-4.727,0.0,0.0428,0.135,1.4400000000000001e-05,0.282,0.391,132.06,audio_features,4Qh4H4KxrlvTjPA6sAJC07,spotify:track:4Qh4H4KxrlvTjPA6sAJC07,https://api.spotify.com/v1/tracks/4Qh4H4KxrlvTjPA6sAJC07,https://api.spotify.com/v1/audio-analysis/4Qh4H4KxrlvTjPA6sAJC07,181787.0,4.0,Euphoria,2012, Sweden,Loreen,English,1,372
105,0.22399999999999998,0.591,1.0,-4.425,0.0,0.0332,0.605,2.3800000000000003e-05,0.433,0.303,184.842,audio_features,1w2jm6QteAq3qw9xAYSe2W,spotify:track:1w2jm6QteAq3qw9xAYSe2W,https://api.spotify.com/v1/tracks/1w2jm6QteAq3qw9xAYSe2W,https://api.spotify.com/v1/audio-analysis/1w2jm6QteAq3qw9xAYSe2W,179995.0,3.0,When the Music Dies,2012, Azerbaijan,Sabina Babayeva,English,4,150
106,0.6559999999999999,0.833,0.0,-5.016,1.0,0.0433,0.325,0.0,0.0955,0.551,110.98899999999999,audio_features,5bAAaO6LcmAHJZotglpEs0,spotify:track:5bAAaO6LcmAHJZotglpEs0,https://api.spotify.com/v1/tracks/5bAAaO6LcmAHJZotglpEs0,https://api.spotify.com/v1/audio-analysis/5bAAaO6LcmAHJZotglpEs0,184351.0,4.0,Only Teardrops,2013, Denmark,Emmelie de Forest,English,1,281
107,0.32299999999999995,0.779,0.0,-3.8080000000000003,1.0,0.0786,0.521,0.0,0.295,0.455,175.715,audio_features,0d3CHhMj2veGNsFJ8bpeT2,spotify:track:0d3CHhMj2veGNsFJ8bpeT2,https://api.spotify.com/v1/tracks/0d3CHhMj2veGNsFJ8bpeT2,https://api.spotify.com/v1/audio-analysis/0d3CHhMj2veGNsFJ8bpeT2,180042.0,4.0,Gravity,2013, Ukraine,Zlata Ognevich,English,3,214
108,0.511,0.778,10.0,-3.605,0.0,0.0292,0.0123,0.0,0.184,0.359,89.99799999999999,audio_features,2Xfav1hvYvP7pBAumIQLxC,spotify:track:2Xfav1hvYvP7pBAumIQLxC,https://api.spotify.com/v1/tracks/2Xfav1hvYvP7pBAumIQLxC,https://api.spotify.com/v1/audio-analysis/2Xfav1hvYvP7pBAumIQLxC,174571.0,4.0,Hold Me,2013, Azerbaijan,Farid Mammadov,English,2,234
109,0.3,0.9520000000000001,11.0,-4.418,0.0,0.45299999999999996,0.004,0.000231,0.245,0.392,192.179,audio_features,24C9Klv9ddyg0TMs0DcCV3,spotify:track:24C9Klv9ddyg0TMs0DcCV3,https://api.spotify.com/v1/tracks/24C9Klv9ddyg0TMs0DcCV3,https://api.spotify.com/v1/audio-analysis/24C9Klv9ddyg0TMs0DcCV3,182573.0,4.0,I Feed You My Love,2013, Norway,Margaret Berger,English,4,191
110,0.58,0.493,6.0,-3.53,1.0,0.0383,0.39899999999999997,0.0,0.0829,0.256,121.904,audio_features,3XhlY1x0LcIyHpZJB1g6WS,spotify:track:3XhlY1x0LcIyHpZJB1g6WS,https://api.spotify.com/v1/tracks/3XhlY1x0LcIyHpZJB1g6WS,https://api.spotify.com/v1/audio-analysis/3XhlY1x0LcIyHpZJB1g6WS,187653.0,4.0,Undo,2014, Sweden,Sanna Nielsen,English,3,218
111,0.705,0.363,6.0,-11.379000000000001,1.0,0.0328,0.509,0.172,0.111,0.41600000000000004,116.023,audio_features,3mWdxSsbIK45Brors2XWR1,spotify:track:3mWdxSsbIK45Brors2XWR1,https://api.spotify.com/v1/tracks/3mWdxSsbIK45Brors2XWR1,https://api.spotify.com/v1/audio-analysis/3mWdxSsbIK45Brors2XWR1,184379.0,4.0,Calm After the Storm,2014, Netherlands,The Common Linnets,English,2,238
112,0.425,0.503,2.0,-6.324,0.0,0.0256,0.142,0.0,0.105,0.23,81.653,audio_features,1ijX03QOR6a1wI322HifSV,spotify:track:1ijX03QOR6a1wI322HifSV,https://api.spotify.com/v1/tracks/1ijX03QOR6a1wI322HifSV,https://api.spotify.com/v1/audio-analysis/1ijX03QOR6a1wI322HifSV,183000.0,4.0,Rise Like a Phoenix,2014, Austria,Conchita Wurst,English,1,290
113,0.821,0.513,7.0,-5.388,1.0,0.0436,0.0802,0.0,0.067,0.308,90.008,audio_features,3O2MsMZHCgSbRGEca5ML1N,spotify:track:3O2MsMZHCgSbRGEca5ML1N,https://api.spotify.com/v1/tracks/3O2MsMZHCgSbRGEca5ML1N,https://api.spotify.com/v1/audio-analysis/3O2MsMZHCgSbRGEca5ML1N,172153.0,4.0,Rhythm Inside,2015, Belgium,Loic Nottet,English,4,217
114,0.43,0.664,7.0,-3.958,1.0,0.0293,0.18,0.0,0.16899999999999998,0.324,76.101,audio_features,6VlxdfLIfqf7saVOuerWyR,spotify:track:6VlxdfLIfqf7saVOuerWyR,https://api.spotify.com/v1/tracks/6VlxdfLIfqf7saVOuerWyR,https://api.spotify.com/v1/audio-analysis/6VlxdfLIfqf7saVOuerWyR,180382.0,4.0,A Million Voices,2015, Russia,Polina Gagarina,English,2,303
115,0.484,0.7909999999999999,7.0,-4.27,1.0,0.0437,0.0743,0.0,0.0491,0.369,124.008,audio_features,4vGU5umewkul13JzXUhS1h,spotify:track:4vGU5umewkul13JzXUhS1h,https://api.spotify.com/v1/tracks/4vGU5umewkul13JzXUhS1h,https://api.spotify.com/v1/audio-analysis/4vGU5umewkul13JzXUhS1h,190613.0,4.0,Heroes,2015, Sweden,Mans Zelmerlow,English,1,365
116,0.456,0.604,1.0,-6.361000000000001,1.0,0.0294,0.0595,0.000128,0.153,0.154,142.241,audio_features,4IzDqftkFXUR8G2vaTd3Rb,spotify:track:4IzDqftkFXUR8G2vaTd3Rb,https://api.spotify.com/v1/tracks/4IzDqftkFXUR8G2vaTd3Rb,https://api.spotify.com/v1/audio-analysis/4IzDqftkFXUR8G2vaTd3Rb,224680.0,4.0,Grande amore,2015, Italy,Il Volo,Italian,3,292
117,0.632,0.8909999999999999,11.0,-5.376,0.0,0.0687,0.0382,0.0,0.106,0.26899999999999996,127.98299999999999,audio_features,6IMHlXaG4aCFWupl9NCZO2,spotify:track:6IMHlXaG4aCFWupl9NCZO2,https://api.spotify.com/v1/tracks/6IMHlXaG4aCFWupl9NCZO2,https://api.spotify.com/v1/audio-analysis/6IMHlXaG4aCFWupl9NCZO2,186000.0,4.0,You Are the Only One,2016, Russia,Sergey Lazarev,English,3,491
118,0.523,0.818,4.0,-4.062,0.0,0.071,0.344,0.0,0.098,0.32,135.56,audio_features,2b9czDPSLTI88694CIqCy3,spotify:track:2b9czDPSLTI88694CIqCy3,https://api.spotify.com/v1/tracks/2b9czDPSLTI88694CIqCy3,https://api.spotify.com/v1/audio-analysis/2b9czDPSLTI88694CIqCy3,195480.0,4.0,Sound of Silence,2016, Australia,Dami Im,English,2,511
119,0.613,0.8340000000000001,0.0,-5.164,1.0,0.0327,0.0211,0.0,0.225,0.524,110.069,audio_features,1G5qDCiqei7ozj5ku43TuR,spotify:track:1G5qDCiqei7ozj5ku43TuR,https://api.spotify.com/v1/tracks/1G5qDCiqei7ozj5ku43TuR,https://api.spotify.com/v1/audio-analysis/1G5qDCiqei7ozj5ku43TuR,179482.0,4.0,If Love Was a Crime,2016, Bulgaria,Poli Genova ,English Bulgarian,4,307
120,0.735,0.612,5.0,-6.774,1.0,0.0517,0.289,4.1200000000000005e-05,0.10300000000000001,0.395,105.056,audio_features,6oDkCmfVcSd9NXAKk1b4Ll,spotify:track:6oDkCmfVcSd9NXAKk1b4Ll,https://api.spotify.com/v1/tracks/6oDkCmfVcSd9NXAKk1b4Ll,https://api.spotify.com/v1/audio-analysis/6oDkCmfVcSd9NXAKk1b4Ll,184060.0,4.0,If I Were Sorry,2016, Sweden,Frans,English,5,261
121,,,,,,,,,,,,,,,,,,,DingaDong,1975, Netherlands,TeachIn,English,1,152
122,,,,,,,,,,,,,,,,,,,Era,1975, Italy,Wess  Dori Ghezzi,Italian,3,115
123,,,,,,,,,,,,,,,,,,,Djambo Djambo,1976,  Switzerland,Peter Sue  Marc ,English,4,91
124,,,,,,,,,,,,,,,,,,,Toi la musique et moi,1976, Monaco,Mary Christy,French,3,93
125,,,,,,,,,,,,,,,,,,,Un deux trois,1976, France,Catherine Ferry,French,2,147
126,,,,,,,,,,,,,,,,,,,Its Nice to Be in Love Again,1977, Ireland,The Swarbriggs  Plus Two,English,3,119
127,,,,,,,,,,,,,,,,,,,Rock Bottom,1977, United Kingdom,Lynsey de Paul  Mike Moran,English,2,121
128,,,,,,,,,,,,,,,,,,,Mathima solfege  ,1977, Greece,Pascalis Marianna Robert  Bessy,Greek,5,92
129,,,,,,,,,,,,,,,,,,,Born to Sing,1978, Ireland,Colm C T Wilkinson,English,5,86
130,,,,,,,,,,,,,,,,,,,Il y aura toujours des violons,1978, France,Joel Prevost,French,3,119
131,,,,,,,,,,,,,,,,,,,Lamour ca fait chanter la vie,1978, Belgium,Jean Vallee ,French,2,125
132,,,,,,,,,,,,,,,,,,,Les jardins de Monaco,1978, Monaco,Caline  Olivier Toussaint,French,4,107
133,,,,,,,,,,,,,,,,,,,Abanibi ,1978, Israel,Izhar Cohen  Alphabeta,Hebrew,1,157
134,,,,,,,,,,,,,,,,,,,Happy Man,1979, Ireland,Cathal Dunne,English,5,80
135,,,,,,,,,,,,,,,,,,,Hallelujah ,1979, Israel,Milk and Honey,Hebrew,1,125
136,,,,,,,,,,,,,,,,,,,Je suis lenfant soleil,1979, France,AnneMarie David ,French,3,106
137,,,,,,,,,,,,,,,,,,,Cinema,1980,  Switzerland,Paola del Medico ,French,4,104
138,,,,,,,,,,,,,,,,,,,Theater,1980, Germany,Katja Ebstein ,German,2,128
139,,,,,,,,,,,,,,,,,,,Love Enough for Two,1980, United Kingdom,Prima Donna,English,3,106
140,,,,,,,,,,,,,,,,,,,Johnny Blue,1981, Germany,Lena Valaitis,German,2,132
141,,,,,,,,,,,,,,,,,,,Humanahum,1981, France,Jean Gabilou,French,3,125
142,,,,,,,,,,,,,,,,,,,Io senza te,1981,  Switzerland,Peter Sue  Marc ,Italian,4,121
143,,,,,,,,,,,,,,,,,,,Amour on taime,1982,  Switzerland,Arlette Zola,French,3,97
144,,,,,,,,,,,,,,,,,,,Si tu aimes ma musique,1982, Belgium,Stella,French,4,96
145,,,,,,,,,,,,,,,,,,,Khay ,1983, Israel,Ofra Haza,Hebrew,2,136
146,,,,,,,,,,,,,,,,,,,Si la vie est cadeau,1983, Luxembourg,Corinne Hermes,French,1,142
147,,,,,,,,,,,,,,,,,,,Det lige det,1984, Denmark,Hot Eyes,Danish,4,101
148,,,,,,,,,,,,,,,,,,,I treni di Tozeur,1984, Italy,Alice  Franco Battiato,Italian German,5,70
149,,,,,,,,,,,,,,,,,,,Ole ole  ,1985, Israel,Izhar Cohen ,Hebrew,5,93
150,,,,,,,,,,,,,,,,,,,Lamour de ma vie,1986, Luxembourg,Sherisse Laurence,French,3,117
151,,,,,,,,,,,,,,,,,,,You Can Count on Me,1986, Ireland,Luv Bug,English,4,96
152,,,,,,,,,,,,,,,,,,,E de det har du kallar karlek,1986, Sweden,Lasse Holm  Monica Tornell,Swedish,5,78
153,,,,,,,,,,,,,,,,,,,En lille melodi,1987, Denmark,AnneCathrine Herdorf  Bandjo,Danish,5,83
154,,,,,,,,,,,,,,,,,,,Go,1988, United Kingdom,Scott Fitzgerald,English,2,136
155,,,,,,,,,,,,,,,,,,,Ka du se hva jeg sa,1988, Denmark,Kirsten  Soren Hot Eyes ,Danish,3,92
156,,,,,,,,,,,,,,,,,,,Why Do I Always Get It Wrong,1989, United Kingdom,Live Report,English,2,130
157,,,,,,,,,,,,,,,,,,,En dag,1989, Sweden,Tommy Nilsson,Swedish,4,110
158,,,,,,,,,,,,,,,,,,,Nur ein Lied,1989, Austria,Thomas Forstner,German,5,97
159,,,,,,,,,,,,,,,,,,,Canzone per te,1991,  Switzerland,Sandra Simo,Italian,5,118
160,,,,,,,,,,,,,,,,,,,Cest le dernier qui a parle qui a raison,1991, France,Amina,French,2,146
161,,,,,,,,,,,,,,,,,,,Kan ,1991, Israel,Duo Datz,Hebrew,3,139
162,,,,,,,,,,,,,,,,,,,Olou tou kosmou i Elpida     ,1992, Greece,Cleopatra,Greek,5,94
163,,,,,,,,,,,,,,,,,,,Rapsodia,1992, Italy,Mia Martini ,Italian,4,111
164,,,,,,,,,,,,,,,,,,,Moi tout simplement,1993,  Switzerland,Annie Cotton,French,3,148
165,,,,,,,,,,,,,,,,,,,Mama Corsica,1993, France,Patrick Fiori,French Corsican,4,121
166,,,,,,,,,,,,,,,,,,,Better the Devil You Know,1993, United Kingdom,Sonia,English,2,164
167,,,,,,,,,,,,,,,,,,,Wir geben ne Party,1994, Germany,MeKaDo,German English,3,128
168,,,,,,,,,,,,,,,,,,,To nie ja,1994, Poland,Edyta Gorniak,Polish,2,166
169,,,,,,,,,,,,,,,,,,,Il me donne rendezvous,1995, France,Nathalie Santamaria,French,4,94
170,,,,,,,,,,,,,,,,,,,Fra Mols til Skagen,1995, Denmark,Aud Wilken,Danish,5,92
171,,,,,,,,,,,,,,,,,,,Kaelakee haal,1996, Estonia,MaarjaLiis Ilus  Ivo Linna,Estonian,5,94
172,,,,,,,,,,,,,,,,,,,I evighet,1996, Norway,Elisabeth Andreassen ,Norwegian,2,114
173,,,,,,,,,,,,,,,,,,,Mana mou  ,1997, Cyprus,Hara  Andreas Konstantinou,Greek,5,98
174,,,,,,,,,,,,,,,,,,,Dinle,1997, Turkey,ebnem Paker   Grup Etnic,Turkish,3,121
175,,,,,,,,,,,,,,,,,,,Mysterious Woman,1997, Ireland,Marc Roberts,English,2,157
176,,,,,,,,,,,,,,,,,,,Where Are You,1998, United Kingdom,Imaani,English,2,166
177,,,,,,,,,,,,,,,,,,,Marija Magdalena,1999, Croatia,Doris Dragovi ,Croatian,4,118
178,,,,,,,,,,,,,,,,,,,Take Me to Your Heaven,1999, Sweden,Charlotte Nilsson Perrelli,English,1,163
179,,,,,,,,,,,,,,,,,,,Happy Birthday Yom huledet  ,1999, Israel,Eden,HebrewEnglish,5,93
180,,,,,,,,,,,,,,,,,,,Reise nach Jerusalem  Kuduse seyahat,1999, Germany,Surpriz,GermanTurkish,3,140
181,,,,,,,,,,,,,,,,,,,Once in a Lifetime,2000, Estonia,Ines,English,4,98
182,,,,,,,,,,,,,,,,,,,Wadde hadde dudde da,2000, Germany,Stefan Raab,GermanEnglish,5,96
183,,,,,,,,,,,,,,,,,,,Je nai que mon ame,2001, France,Natasha StPier,FrenchEnglish,4,142
184,,,,,,,,,,,,,,,,,,,Everybody,2001, Estonia,Tanel Padar Dave Benton  XL,English,1,198
185,,,,,,,,,,,,,,,,,,,Come Back,2002, United Kingdom,Jessica Garlick,English,3,111
186,,,,,,,,,,,,,,,,,,,Il faut du temps Je me battrai pour ca,2002, France,Sandrine Francois,French,5,104
187,,,,,,,,,,,,,,,,,,,th Wonder,2002, Malta,Ira Losco,English,2,164
188,,,,,,,,,,,,,,,,,,,Ne ver ne boysya    ,2003, Russia,tATu,Russian English,3,164
189,,,,,,,,,,,,,,,,,,,Im Not Afraid to Move On,2003, Norway,Jostein Hasselgard,English,4,123
190,,,,,,,,,,,,,,,,,,,Wild Dances Dyki tantsi  ,2004, Ukraine,Ruslana,EnglishUkrainian,1,280
191,,,,,,,,,,,,,,,,,,,Stronger Every Minute,2004, Cyprus,Lisa Andreas,English,5,170
192,,,,,,,,,,,,,,,,,,,Lane moje  ,2004, Serbia and Montenegro,Zeljko Joksimovi  Ad Hoc Orchestra,Serbian,2,263
193,,,,,,,,,,,,,,,,,,,Hasheket shenishar  ,2005, Israel,Shiri Maimon,HebrewEnglish,4,154
194,,,,,,,,,,,,,,,,,,,Let Me Try,2005, Romania,Luminia Anghel  Sistem,English,3,158
195,,,,,,,,,,,,,,,,,,,Never Let You Go,2006, Russia,Dima Bilan,English,2,248
196,,,,,,,,,,,,,,,,,,,Tornero,2006, Romania,Mihai Tristariu,EnglishItalian,4,172
197,,,,,,,,,,,,,,,,,,,Water Voda ,2007, Bulgaria,Elitsa Todorova  Stoyan Yankoulov,Bulgarian,5,157
198,,,,,,,,,,,,,,,,,,,Molitva ,2007, Serbia,Marija Serifovi,Serbian,1,268
199,,,,,,,,,,,,,,,,,,,Shake It Up ekerim,2007, Turkey,Kenan Doulu,English,4,163
200,,,,,,,,,,,,,,,,,,,Hold on Be Strong,2008, Norway,Maria Haukaas Storeng,English,5,182
201,,,,,,,,,,,,,,,,,,,Believe,2008, Russia,Dima Bilan ,English,1,272
202,,,,,,,,,,,,,,,,,,,Always,2009, Azerbaijan,AySel  Arash,English,3,207
203,,,,,,,,,,,,,,,,,,,Its My Time,2009, United Kingdom,Jade Ewen,English,5,173
204,,,,,,,,,,,,,,,,,,,Running Scared,2011, Azerbaijan,EllNikki,English,1,221
205,,,,,,,,,,,,,,,,,,,Madness of Love Follia damore,2011, Italy,Raphael Gualazzi,ItalianEnglish,2,189
206,,,,,,,,,,,,,,,,,,,Party for Everybody,2012, Russia,Buranovskiye Babushki,Udmurt English,2,259
207,,,,,,,,,,,,,,,,,,,Nije ljubav stvar   ,2012, Serbia,Zeljko Joksimovi ,Serbian,3,214
208,,,,,,,,,,,,,,,,,,,What If,2013, Russia,Dina Garipova,English,5,174
209,,,,,,,,,,,,,,,,,,,Not Alone,2014, Armenia,Aram MP,English,4,174
210,,,,,,,,,,,,,,,,,,,Running,2014, Hungary,Andras KallaySaunders,English,5,143
211,,,,,,,,,,,,,,,,,,,Tonight Again,2015, Australia,Guy Sebastian,English,5,196
212,,,,,,,,,,,,,,,,,,,1994,2016, Ukraine,Jamala,EnglishCrimean Tatar,1,534
